month,age,occupation,annual_income,monthly_inhand_salary,num_bank_accounts,num_credit_card,interest_rate,num_of_loan,delay_from_due_date,num_of_delayed_payment,changed_credit_limit,num_credit_inquiries,outstanding_debt,credit_utilization_ratio,payment_of_min_amount,total_emi_per_month,amount_invested_monthly,payment_behaviour,monthly_balance,credit_history_months,credit_score
May,41,Teacher,16176.835,1585.0695833333332,8,3,10,3,17,14,0.56,2445,1200.7,29.94732774121612,No,21.962186409063584,38.326007737592896,High_spent_Small_value_payments,358.2187641866767,241,Standard
January,36,Mechanic,82383.04,6661.253333333331,3,5,8,4,17,14,1.71,2,1218.57,33.38963348940774,No,162.10895563236755,123.97997289513822,High_spent_Medium_value_payments,630.0364048058274,392,Good
April,44,Musician,28805.34,2309.445,8,3,5,2,13,19,7.02,0,796.4499999999999,26.832094914493418,No,47.19512292611222,139.90768993419763,High_spent_Small_value_payments,303.8416871396903,385,Standard
January,28,Media_Manager,45412.950000000004,3520.4125000000004,8,6,30,6,28,21,23.07,6,4601.39,23.419584232026914,Yes,113.69155215611048,199.56341013210823,Low_spent_Medium_value_payments,318.78628771178126,55,Standard
April,45,NA,17296.38,1480.365,6,10,30,5,21,17,17.34,7,4624.73,38.390571303403064,Yes,49.36071018290964,78.16122572124029,High_spent_Small_value_payments,280.5145640958502,92,Standard
February,36,Engineer,56614.2,4638.85,9,10,33,7,49,11,11.229999999999999,13,2600.73,33.933634557496276,Yes,310.14510691524765,166.6648905230034,High_spent_Medium_value_payments,237.07500256174887,219,Poor
January,47,Scientist,121197.9,10285.824999999999,2,5,11,4,4,12,2.3,2,203.65,32.767834938918575,No,370.6193016329824,90.55191068000025,High_spent_Large_value_payments,807.4112876870175,247,Good
February,39,Media_Manager,58228.380000000005,4848.365000000001,4,1,4,1,7,-1,6.02,4,199.6,33.22546652251845,No,33.92926402074172,312.65733309319154,NA,408.2499028860669,345,Good
July,33,Scientist,20922.34,1926.528333333333,7,6,18,3,26,13,12.6,7,363.48999999999995,26.834824148561562,Yes,40.816640886420856,41.558230666140524,High_spent_Large_value_payments,350.27796178077205,394,Standard
June,36,Teacher,22413.53,2165.794166666666,6,6,16,4,24,11,9.8,1,25.62,38.399306879072554,No,40.046140666418516,87.98750412706404,Low_spent_Large_value_payments,358.54577187318415,292,Good
April,22,Scientist,85667.7,6966.9749999999985,2,2,7,0,14,8,5.6,3,1457.34,30.458619752595794,No,0,640.0608202095492,Low_spent_Small_value_payments,346.63667979045084,256,Good
April,36,Entrepreneur,56274.240000000005,4518.52,10,6,26,4,46,15,9.82,9,1611.31,38.032727761059114,Yes,152.83451809811672,10000,Low_spent_Large_value_payments,363.69026129360043,131,Poor
June,18,Media_Manager,19170.45,1510.5375000000001,8,9,15,8,49,23,18.93,7,4402.46,24.494951280767214,NM,114.42322548853276,51.477169326398474,Low_spent_Small_value_payments,275.15335518506885,112,Poor
February,36,Entrepreneur,17394.32,1237.5266666666669,8,4,14,1,14,21,11.129999999999999,2,1498.41,25.519728694870643,No,13.03293871683478,60.65976334535773,Low_spent_Large_value_payments,320.0599646044742,359,Standard
April,24,Developer,21434.2,1964.1833333333327,6,6,18,6,11,10,10.09,8,1240.7,28.177714325621096,Yes,92.90724376867664,113.56662422398885,Low_spent_Medium_value_payments,269.944465340668,88,Standard
July,36,Teacher,44599.14,3719.5950000000003,0,7,4,3,6,4,9.99,4,694.02,30.35618249229725,No,83.75037957868393,87.18815875758021,High_spent_Small_value_payments,461.0209616637358,285,Good
June,26,Musician,118124.48,9559.706666666667,3,3,5,1,18,15,6.79,4,86.51,26.716731078276176,No,73.26054843083432,565.3630457858059,High_spent_Small_value_payments,577.3470724500264,213,Poor
June,39,Entrepreneur,20139.19,1664.265833333333,10,10,19,6,19,22,18.19,11,2209.17,24.483228609263694,Yes,51.16717022456774,86.09703477350305,Low_spent_Medium_value_payments,309.1623783352627,212,Poor
June,22,Manager,151649.36,12823.446666666665,3,7,11,3,7,10,7.48,3,358.17,36.786284737411016,No,224.7031327912127,304.83235409181265,High_spent_Medium_value_payments,1002.8091797836412,363,Poor
May,31,NA,29265.3,2410.775,9,9,34,6,61,23,7.6499999999999995,7,1465.62,28.461262356190126,Yes,120.12274263091103,244.72649014146495,Low_spent_Small_value_payments,166.22826722762414,234,Poor
August,28,Engineer,51324.82,4350.068333333334,7,3,11,1,22,12,7.49,12,138.16,29.000093819544713,Yes,28.735661767051905,94.9119240990496,High_spent_Large_value_payments,551.3592474672319,218,Standard
August,34,NA,162955.91999999998,13332.660000000002,5,6,3,2,0,8,1.77,0,377.68,34.21816836042991,No,175.58768432156225,338.39219919555256,High_spent_Large_value_payments,1059.2861164828855,388,Good
February,51,Manager,49497.340000000004,4201.778333333332,8,4,8,4,12,14,5.29,1,129.5,36.210348637704385,No,151.74342119737452,250.12412098008986,High_spent_Small_value_payments,278.3102911558689,292,Standard
February,31,Lawyer,71676,5921,5,4,18,2,14,16,10.27,3,1150.59,29.48638136748797,No,73.45520241865884,251.59976005851078,High_spent_Medium_value_payments,517.0450375228305,269,Standard
February,41,Developer,82154.92,6753.243333333332,6,5,34,6,20,15,22.75,6,4726.13,31.209899455735087,NM,238.37270358318506,179.76601247058383,High_spent_Medium_value_payments,507.1856172795645,27,Standard
June,45,Scientist,31968.280000000002,2620.023333333334,7,10,23,5,17,18,9.870000000000001,10,3899.38,33.77091478943608,NM,83.82911108719749,175.43004944976698,Low_spent_Medium_value_payments,282.74317279636887,133,Standard
January,32,Lawyer,120017.12000000001,9763.426666666664,3,4,10,1,18,17,6.94,0,945.2700000000001,31.765248244792424,Yes,67.0816219288982,162.66539967907448,High_spent_Medium_value_payments,996.5956450586941,325,Standard
April,40,Scientist,119827.08,9834.59,8,3,5,3,19,17,9.05,1,1003.89,34.181718158632975,Yes,256.7044740610818,845.2608418174585,Low_spent_Large_value_payments,151.49368412145955,282,Standard
June,44,Doctor,30710.59,2529.7480760494136,0,7,8,1,8,8,0.76,1,1211.61,32.814093435878796,NM,325.06675922850525,40.11002581019803,High_spent_Large_value_payments,458.3125555785496,229,Standard
August,20,Teacher,81425.23999999999,6579.436666666668,9,5,26,7,12,16,3.69,9,1729.78,39.143493364534564,NM,375.69094579738197,214.33217182218544,Low_spent_Large_value_payments,337.92054904709914,170,Poor
May,26,Journalist,25626.88,2306.191109546313,8,5,20,3,19,8,15.11,4,157.69,26.275693312260486,NM,145.772227546211,190.4964440023596,Low_spent_Large_value_payments,259.3708855717837,281,Standard
May,37,Lawyer,20634.780000000002,1572.5649999999996,5,3,18,4,29,10,17.979999999999997,17,2483.98,37.58284187946512,Yes,55.57719291040158,10000,Low_spent_Small_value_payments,314.43733588965324,92,Poor
July,23,Engineer,18569.39,1650.6625504899905,10,5,18,8,24,17,19.43,7,3791.88,37.715147001414515,Yes,130.63664416691847,65.8984050046838,Low_spent_Small_value_payments,281.3964836717405,143,Poor
May,56,Mechanic,21028.91,1823.4091666666668,5,6,8,3,14,7,10.3,3,658.48,26.655864046499804,No,27.30214569285592,183.4461232294988,Low_spent_Small_value_payments,261.592647744312,293,Standard
May,33,Accountant,123523.6,10168.633333333333,1,924,3,4,-1,11,10.09,7,493.08,36.250040933624966,No,342.30551702503874,310.88667126970716,High_spent_Small_value_payments,623.6711450385876,294,Good
January,55,Writer,21989.265000000003,1835.4387500000003,5,5,1,0,0,8,9.1,3,128.7,24.100235894060994,No,0,25.640238648107825,High_spent_Medium_value_payments,407.9036363518921,202,Good
August,27,Accountant,122425.8,10001.15,4,4,6,2,29,20,16.189999999999994,2,1252.3,32.947601547596335,Yes,148.18817898295958,808.5001353400572,Low_spent_Large_value_payments,313.4266856769833,287,Good
March,55,Accountant,108625.29,9105.1075,8,6,13,0,11,16,2.88,3,303.74,22.73601742896227,No,0,913.3477909333023,Low_spent_Medium_value_payments,277.1629590666976,262,Standard
May,32,Lawyer,66614.64,5704.22,6,4,27,7,22,7,13.27,115,1287.55,25.053854144959576,Yes,241.37144731705328,90.41948605678091,High_spent_Large_value_payments,478.63106662616593,147,Poor
August,51,Teacher,28497.51,2542.7925,4,6,4,1,14,8,3.67,4,288.91999999999996,36.59187339242238,No,21.648625081829277,171.1185785973069,Low_spent_Large_value_payments,331.5120463208638,248,Standard
June,30,NA,17816.79,1517.7325,6,5,31,5,16,18,7.44,7,1793.04,27.087733256628706,Yes,54.010429406443166,90.81211769737202,Low_spent_Small_value_payments,296.95070289618474,141,Standard
July,43,Accountant,16595.940000000002,1175.9950000000001,7,5,27,4,29,15,18.35,6,1747.1599999999999,26.4153038960477,Yes,40.693420458041444,76.5565132016648,High_spent_Small_value_payments,260.3495663402938,85,Standard
August,25,Doctor,80108.31,6866.692500000001,5,3,17,0,25,19,14.219999999999999,4,997.2800000000001,28.123278334464572,Yes,0,127.8862889634524,NA,808.7829610365478,218,Standard
March,21,Scientist,125508.36,10559.03,2,3,5,4,7,8,3.57,3,505.14000000000004,27.60966879039239,No,305.30283503273637,88.61589624880304,High_spent_Large_value_payments,901.9842687184606,394,Poor
April,43,Developer,77613.39,6182.7825,7,6,12,0,7,10,9.01,6,321.59,35.34561038172485,Yes,0,428.60545332190725,Low_spent_Medium_value_payments,469.6727966780929,366,Standard
March,28,Media_Manager,14383.03,1109.585833333333,8,10,29,5,50,24,8.03,7,2350.4500000000003,31.992678315162618,Yes,51.36447606715607,62.935241169819946,Low_spent_Medium_value_payments,276.65886609635737,139,Poor
June,48,Media_Manager,74437.43999999999,6184.120000000001,5,7,4,2,3,3,7.45,3,440.18,33.693659584289364,No,104.41103530032606,431.6307476727541,Low_spent_Medium_value_payments,362.3702170269199,385,Good
June,35,Mechanic,35076.159999999996,3166.013333333335,2,579,7,1,12,6,5.970000000000001,3,487.26,31.65533252466161,No,42769,50.26273504208377,High_spent_Medium_value_payments,498.5317906025546,226,Standard
April,19,Media_Manager,8139.495,391.29124999999993,10,7,16,9,59,18,18.87,7,3075.98,22.534337790007687,NM,37.953825310779635,40.48943112938259,Low_spent_Small_value_payments,250.6858685598378,71,Standard
February,50,Architect,64969.05,5154.0875,3,6,6,2,19,16,8.61,3,765.07,37.93161491583207,No,96.42407742593217,104.9580095935473,High_spent_Medium_value_payments,564.0266629805203,261,Standard
February,31,Journalist,79748.92,6883.743333333332,5,3,14,1,17,14,4.2,4,1069.8899999999999,31.124157022556147,Yes,55.8391608066101,157.65078979671208,NA,714.8843827300112,216,Standard
April,30,Manager,100914.38999999998,8546.532500000001,5,5,16,5,28,9,23.35,4,1410.49,39.73513267705933,Yes,242.96604299480688,10000,Low_spent_Medium_value_payments,492.50763281582874,101,Standard
February,43,Engineer,35251.49,2831.6241666666656,39,4,2,3,-1,-1,1.87,2,143.46,31.587957108626984,No,78.04706428179198,75.36123211360963,Low_spent_Medium_value_payments,409.754120271265,310,Standard
February,25,Engineer,33278.28,2622.19,7,3,11,4,10,9,10.93,6,426.61,29.818063477298978,Yes,75.95386612243779,105.42683432324381,High_spent_Small_value_payments,340.8382995543184,76,Standard
June,23,Lawyer,33610.36,2857.863333333334,5,5,27,7,20,14,15.91,14,2228.9100000000003,27.00354547201496,Yes,162.76687249966787,265.2850396292958,Low_spent_Large_value_payments,127.73442120436958,96,Poor
April,35,Manager,21734.19,1572.1825,4,1,10,1,2,13,8.11,4,263.2,39.87885724526152,No,13.359059078362776,142.59623198852566,Low_spent_Small_value_payments,291.2629589331117,340,Standard
May,43,Architect,19570.56,1373.8799999999999,10,10,26,8,24,23,-4.3100000000000005,9,2711.86,33.60030994314023,Yes,87.71030006460491,94.60925954383742,High_spent_Small_value_payments,215.06844039155771,165,Standard
June,37,Musician,109655.25,9313.9375,1,4,6,0,12,1,8.27,4,1234.6299999999999,40.76213118909353,No,0,389.43260161437775,Low_spent_Large_value_payments,811.9611483856221,308,Standard
April,44,Media_Manager,35911.33,3003.610833333334,3,3,2,2,9,16,2.5,3,739.8199999999999,35.35600982825829,No,39.112882230614424,117.04500777307884,High_spent_Medium_value_payments,394.2031933296402,216,Standard
April,38,Mechanic,14365.54,1486.1283333333326,8,9,25,2,40,20,5.49,12,2530.48,23.360403164661783,Yes,16.268997424000563,152.6730395539982,Low_spent_Small_value_payments,269.67079635533463,228,Poor
May,32,Architect,30922.280000000002,2494.856666666666,1,5,12,2,19,1,11.709999999999999,2,957.53,27.271603752635702,No,30.33820425574795,332.4277340778412,Low_spent_Small_value_payments,176.7197283330775,259,Poor
March,24,NA,65294.18,5406.181666666668,3,2,12,1,15,11,9.78,0,911.08,27.65912242446013,No,34.69980106154419,86.1791980435798,High_spent_Large_value_payments,659.7391675615429,363,Standard
June,26,Lawyer,40031.94,3473.9950000000013,7,6,20,6,27,7,19.06,9,328.83,27.275939394263183,Yes,180.634782873705,90.60777884462266,Low_spent_Large_value_payments,346.1569382816722,223,Standard
August,32,Architect,175572.44,14422.036666666667,5,4,1,3,10,2,6.09,1,388.98999999999995,43.30615590048001,No,290.1069733233747,97.86036193763483,High_spent_Large_value_payments,1294.2363314056574,394,Standard
June,39,NA,62536.32,5174.360000000001,7,8,24,8,41,22,27.85,11,3596.04,26.964498578829044,NM,210.46903567120268,441.8935794304831,NA,145.0733848983141,116,Standard
August,31,NA,48101.13,3798.9497914958765,7,8,30,9,45,19,27.14,12,4416.68,22.775756789041743,Yes,315.0737758352696,270.2766364526968,Low_spent_Large_value_payments,148.67004621615615,77,Good
March,49,Entrepreneur,165076.44,13822.369999999999,1,6,3,2,12,4,6.71,5,712.9399999999999,32.010225481602944,No,273.1747173544666,10000,Low_spent_Medium_value_payments,294.66598519764636,217,Poor
June,21,Developer,29937.85,2605.8208333333337,0,1,2,1,8,5,9.05,6,720.6800000000001,29.20862324902398,No,20.779413293791496,104.50446713473971,Low_spent_Small_value_payments,425.29820290480205,225,Standard
February,38,Lawyer,17135.68,1628.9733333333331,8,5,18,2,17,8,18.150000000000002,8,1055.36,24.756811387477416,Yes,27.65691337084893,202.4463993218224,Low_spent_Small_value_payments,222.79402064066198,143,Standard
March,45,Mechanic,10105.994999999999,552.16625,7,8,16,7,17,19,3.46,8,2056.61,25.54195300822717,Yes,43.980067802551055,45.69697682152166,Low_spent_Small_value_payments,255.5395803759273,89,Poor
July,40,Writer,16367.605,1221.9670833333332,5,7,9,4,2,3,10.06,1,996.4,26.48203881333772,No,50.192752407922505,63.04428019184402,Low_spent_Small_value_payments,298.9596757335669,397,Poor
January,54,Musician,28741.71,2606.1425,5,5,9,2,9,3,2.86,4,993.1700000000001,23.841602567094732,No,28.02880168176461,104.23983813940599,High_spent_Medium_value_payments,378.34561017882936,325,Good
April,34,Entrepreneur,55938.51,4904.5425000000005,9,6,28,5,23,22,16.27,9,2672.09,32.585646784476936,NM,178.17317358788645,202.56743368632112,Low_spent_Small_value_payments,399.71364272579245,236,Standard
July,36,Architect,16698.08,1369.178830669448,8,6,25,6,22,16,8.41,17,1382.71,33.6876594443018,Yes,118.68345736080613,58.10569805615911,Low_spent_Large_value_payments,306.3893472469202,155,Standard
August,19,Journalist,86015.16,6997.929999999999,4,5,3,3,8,4,5.35,2,1283.47,34.62345878222725,No,119.12900402531444,271.1201882792555,High_spent_Medium_value_payments,559.54380769543,338,Poor
February,30,Developer,32543.38,2902.948333333334,5,6,25,3,18,20,7.91,8,1924.31,28.53606900952897,NM,65.42524227219353,124.12779700704618,Low_spent_Medium_value_payments,380.74179405409365,192,Poor
January,28,Writer,75992.7,6407.7249999999995,3,7,7,1,5,2,6.31,0,187.01,38.31688914319812,No,54.03972289211109,250.99479626828324,High_spent_Small_value_payments,595.7379808396057,369,Standard
June,35,Doctor,26342.91,1949.2425,6,7,7,1,19,15,17.6,3,397.9,35.45129723386256,Yes,21.58321058498778,191.216027081532,Low_spent_Small_value_payments,272.12501233348024,262,Standard
July,28,Mechanic,32019.260000000002,2610.271666666666,4,3,15,2,20,11,9.38,7,1697.41,29.588865275155847,Yes,47.77769516426227,88.24668895606655,High_spent_Small_value_payments,385.0027825463378,173,Poor
June,47,NA,129575.12000000001,10795.926666666664,3,3,8,3,3,1,7.470000000000001,4,1119.28,26.648819064961682,No,306.3300203294329,445.965865514141,Low_spent_Large_value_payments,597.2967808230928,382,Standard
June,33,Scientist,74005.12000000001,5941.093333333331,6,8,19,6,22,19,12.69,7,2170.4500000000003,36.38005525291837,NM,190.91108956009433,102.6162259869033,High_spent_Medium_value_payments,550.5820177863359,157,Poor
May,42,Teacher,20501.07,1731.4225000000001,7,3,19,3,17,10,18.24,7,2012.25,26.650862354384966,Yes,41.56981564025331,120.00149329518109,Low_spent_Large_value_payments,281.57094106456566,89,Standard
June,32,Scientist,30399.06,2298.255,5,6,18,4,14,9,4.550000000000002,8,516.76,27.057908757195758,Yes,54.5282542011405,52.754921041939205,High_spent_Medium_value_payments,372.54232475692027,223,Standard
March,51,Musician,21761.49,1615.4575000000004,5,4,4,3,10,12,5.7700000000000005,2,830.2900000000001,38.63641278427987,No,38.78561893146812,98.77781981773167,Low_spent_Small_value_payments,313.98231125080014,183,Standard
March,33,Musician,21202.09,1943.840833333333,7,6,8,1,26,15,9.29,4,192.20999999999998,38.41612483066687,Yes,15.32320302148409,63.59869401474622,High_spent_Medium_value_payments,365.4621862971029,340,Standard
May,40,Architect,27026.95,2011.2458333333332,4,3,11,2,30,14,13.51,0,678.53,26.746115898871366,Yes,38.26805817035072,148.40169795164292,Low_spent_Small_value_payments,304.45482721133976,285,Standard
May,35,Entrepreneur,29327.1,2457.925,6,6,18,5,11,18,9.18,9,1448.1699999999998,27.553070046523622,Yes,74.11511962159541,69.93113416604686,High_spent_Medium_value_payments,351.7462462123578,224,Standard
May,55,Mechanic,57079.5,4669.625000000001,8,3,9,4,21,11,6.48,3,26.47,36.49178996575282,No,125.73113666113824,188.54954835833217,High_spent_Medium_value_payments,402.68181498052957,397,Standard
May,25,Engineer,57442.5,4934.875,8,8,27,2,58,25,3.06,12,2419.98,25.71706366246191,Yes,91.85758959564836,183.12413418500157,High_spent_Medium_value_payments,468.50577621935,216,Poor
March,21,Teacher,110110.04,9238.836666666664,8,4,12,4,15,15,5.609999999999999,3,1495.41,33.40718013078797,NM,233.86001731112628,166.51130591389793,High_spent_Large_value_payments,763.5123434416424,207,Good
February,19,Lawyer,43240.450000000004,3777.370833333334,1,4,11,2,1,3,8.07,3,1320.52,37.68847713222478,No,40.92237373868409,10000,High_spent_Medium_value_payments,512.0111261955973,353,Good
March,36,Lawyer,36875.14,2845.928333333334,6,4,13,4,29,16,18.419999999999998,3,473.6,29.213034176518825,Yes,109.89438706610115,181.10040782746088,High_spent_Small_value_payments,253.59803843977127,190,Standard
May,49,Doctor,148678.44,12353.869999999999,3,4,1,1,13,2,9.66,0,955.93,31.02367126396257,No,109.17439025538975,331.66865360138837,NA,1044.5439561432222,188,Good
February,28,Media_Manager,15021.48,1344.79,6,5,15,4,54,9,5.75,10,1277.01,24.50988680984782,Yes,38.17807912558671,10.421910911931633,High_spent_Large_value_payments,325.87900996248163,186,Poor
February,49,Accountant,65912.38,5343.698333333334,0,4,8,0,13,3,5.7700000000000005,1,300.63,40.98942347971691,No,0,120.52868476578816,High_spent_Medium_value_payments,663.8411485675452,189,Good
January,50,Accountant,48615.219999999994,3937.2683333333334,4,7,15,4,29,11,9.44,4,1235.05,40.63996854158538,Yes,135.35743365490546,81.34217574956129,High_spent_Small_value_payments,437.0272239288667,195,Standard
January,21,Architect,107854.84,9245.903333333332,5,5,16,5,9,15,7.35,6,990.4499999999999,33.617892214995855,Yes,338.84128176134834,184.796446079155,High_spent_Medium_value_payments,650.9526054928299,187,Standard
February,28,Lawyer,21471.58,1879.298333333333,7,3,16,2,17,8,5,4,68.06,33.376004676815754,No,23.498319139053233,126.46142619073116,High_spent_Small_value_payments,297.970088003549,284,Standard
January,31,Accountant,159319.91999999998,13040.660000000002,5,7,1,1,-2,6,1.1400000000000001,3,104.45,32.115931764003406,No,115.30800293921145,202.56219474210468,High_spent_Large_value_payments,1226.195802318684,201,Standard
January,38,Journalist,47888.94,4197.745000000001,4,4,27,4,9,16,14.84,4,1835.98,36.13314948400143,Yes,150.78374500259955,142.8767883566712,Low_spent_Large_value_payments,396.11396664072936,167,Poor
July,20,Media_Manager,81557,6718.41666666667,9,7,18,6,55,17,23.91,12,2628.52,33.87546462393161,Yes,321.4449354031973,209.4244380159151,Low_spent_Large_value_payments,410.9722932475543,143,Poor
April,48,Architect,67106.79000000001,5858.232500000001,5,1037,6,3,5,19,7.22,4,836.88,33.19933026530912,Yes,89.7728544785712,10000,Low_spent_Large_value_payments,622.2866905527387,220,Standard
April,37,Manager,33799.36,2944.613333333334,5,3,19,4,10,12,15.350000000000001,5,173.76,38.194440654906174,Yes,75.09807764471796,10000,Low_spent_Medium_value_payments,245.18726654093828,79,Good
August,36,Writer,20295.67,1474.8598998948432,10,6,17,8,46,16,-2.56,16,2103.8300000000004,32.52233853108923,Yes,131.54709508740999,10000,Low_spent_Medium_value_payments,230.74812084210288,246,Poor
May,53,Musician,28784.53,2547.7108333333335,6,6,11,2,17,10,10.77,2,664.2,33.14421355053938,No,34.16328922873817,215.13981638591892,Low_spent_Small_value_payments,295.4679777186762,344,Good
March,24,Lawyer,21364.2,1728.35,3,3,17,1,9,16,9.1,6,1178.6,25.189556810131574,Yes,9.230471158627521,125.72215008301521,Low_spent_Small_value_payments,327.8823787583573,354,Standard
April,44,NA,21740516,5421.53,6,6,10,1,21,16,8.2,7,895.41,39.884445545783436,Yes,27.553919992031986,174.80742368741767,High_spent_Medium_value_payments,589.7916563205505,204,Standard
May,21,Writer,136680.12,10272.758594759496,0,5,3,1,0,1,4.06,0,1269.93,34.962924329142325,No,1260.2468384258884,664.2869243741679,Low_spent_Small_value_payments,654.7186424404465,219,Standard
March,32,Engineer,58739.82,4961.985,1489,6,28,5,24,21,0.64,10,4161.7,37.64950824001972,Yes,193.74784760734485,192.27862318560318,Low_spent_Small_value_payments,400.172029207052,117,Poor
January,31,NA,107449.73999999999,9022.145,7,5,8,4,19,17,17.03,6,1218.49,33.09461091906227,Yes,358.0405652188066,661.9310460547854,Low_spent_Medium_value_payments,162.24288872640815,343,Standard
July,29,Architect,37580.340000000004,2836.695,5,2,7,4,4,13,8.88,2,471.32,22.850018426190285,No,93.47433300078448,227.67539785624257,Low_spent_Medium_value_payments,242.51976914297288,377,Good
July,23,Entrepreneur,7152.2,665.0166666666669,8,5,30,7,13,7,8.67,12,2004.55,38.598523793437444,Yes,29.846493566913907,13.108446238756223,High_spent_Large_value_payments,263.54672686099656,128,Standard
January,45,Teacher,56135.759999999995,4974.9800000000005,3,6,20,2,5,18,4.4,4,366.46,25.22422712184873,No,78.06849718311085,570.6842105203789,Low_spent_Small_value_payments,138.74529229651034,184,Standard
March,31,Manager,84169.92,7221.160000000001,5,6,18,1,23,8,23,3,617.14,29.170968654058782,Yes,38.43795518519901,197.90194038644213,Low_spent_Medium_value_payments,765.7761044283587,351,Standard
August,36,NA,94110.06,7920.505,4,7,9,4,27,12,8.59,0,1215.93,41.34365998339852,No,307.45004608282846,239.2659479010372,NA,495.3345060161343,218,Good
March,29,Entrepreneur,93363.45,8019.2875,8,7,15,3,27,14,16.68,4,352.86,37.57508802085968,Yes,199.17528751630277,97.8782111595463,High_spent_Large_value_payments,744.8752513241511,317,Standard
March,24,Lawyer,22705.829999999998,1728.1525,4,6,4,2,27,12,4.53,4,854.1,34.697486020978005,No,79111,73.14269056670652,Low_spent_Medium_value_payments,357.001756734359,383,Good
March,38,NA,84660.73999999999,7046.061666666669,4,4,12,1,15,2,8.99,3,702.26,28.64458317067993,NM,43243,144.84439930210053,High_spent_Medium_value_payments,748.8981520475962,325,Good
August,26,Entrepreneur,60176.61,4989.7175,7,9,34,8,25,21,6.76,8,4176.76,34.98737560270147,Yes,246.9186691846736,190.33549746852387,High_spent_Small_value_payments,321.71758334680266,149,Poor
August,33,Lawyer,28836.829999999998,2269.0691666666667,7,4,16,0,20,13,12.709999999999999,8,667.56,28.24764424108177,NM,0,213.93592638551394,Low_spent_Small_value_payments,302.97099028115275,209,Good
April,46,Accountant,63433.7,5253.141666666668,1,4,5,2,0,12,5.819999999999999,2,347.01,34.29507806287082,No,61.3519374967913,179.63921598118608,High_spent_Medium_value_payments,534.3230131886892,196,Standard
January,35,Accountant,70137.8,5901.81666666667,2,5,9,1,20,12,-5.01,4,335.1,26.43490170010429,No,48.245671404083275,691.623575678066,Low_spent_Small_value_payments,140.31241958451773,368,Poor
August,43,Entrepreneur,31953.03,2506.7525,8,5,8,6,18,10,9.09,11,396.33,28.728078781529355,Yes,109.76596953476948,39.76876191970351,High_spent_Large_value_payments,341.14051854552696,189,Good
January,28,Entrepreneur,135871.68,11612.640000000001,3,629,6,2,12,8,1.21,4,1450.98,35.48067524827866,NM,174.8965292962473,483.80734604692293,Low_spent_Medium_value_payments,782.5601246568297,261,Good
February,37,Teacher,107595.68000000001,8704.306666666664,8,4,13,4,6,20,4.1,8,225.86,28.552577613650126,Yes,346.1431210174387,170.73577982664702,NA,613.5517658225809,128,Standard
July,51,Entrepreneur,32420.82,2605.735,3,4,14,4,5,16,11.68,3,873.63,41.074528327512624,Yes,105.13097619877269,107.36050660625313,High_spent_Medium_value_payments,298.0820171949742,263,Standard
January,23,Doctor,41037.94,3129.828333333334,10,8,23,7,50,23,4.619999999999999,6,1735.78,35.23924530463887,Yes,155.40826964651728,140.02966118530335,High_spent_Small_value_payments,277.54490250151275,80,Poor
May,53,Architect,30918.82,2780.5683333333336,0,5,12,0,24,8,1.61,1,1478.94,27.90045065534353,No,0,157.17321662771758,High_spent_Small_value_payments,380.8836167056156,372,Poor
July,28,Lawyer,40633.86,3572.155,5,7,13,1259,15,9,7.68,4,628.11,36.97802150288484,No,19.132696177470233,113.0947233417376,High_spent_Medium_value_payments,474.9880804807922,280,Standard
June,20,Musician,22815,2071.25,3,4,17,3,11,11,11.18,7,182.75,29.292740690157363,Yes,41.53331981145674,10000,Low_spent_Small_value_payments,228.46795493810194,216,Poor
August,35,Scientist,20302.59,1991.8825,6,5,17,6,28,25,27.939999999999998,11,4828.75,40.05729078193715,Yes,62.884172384083605,112.54853621689979,Low_spent_Medium_value_payments,303.75554139901675,118,Poor
June,34,Architect,17738.305,1419.1920833333331,7,4,13,1353,21,14,12.9,6,661.03,22.60152470328645,NM,11.737738329068439,59.900319922217,NA,320.2811500820479,261,Standard
February,28,Media_Manager,42832.159999999996,3786.3466666666664,0,4,5,2,6,3,6.859999999999999,2,565.03,31.256704944563044,No,66.18222802101384,121.35416560362884,High_spent_Medium_value_payments,441.09827304202395,196,Standard
July,24,Accountant,101114.73,8679.2275,6,6,8,3,20,10,22.91,6,1190.45,26.401333440961356,Yes,209.64488676408365,569.8412143723092,Low_spent_Large_value_payments,358.4366488636073,172,Good
April,18,Scientist,25122.47,1860.5391666666671,4,4,16,4,12,17,19.68,7,1247.6299999999999,25.930577945981195,Yes,62.484556024270226,200.02396539041385,Low_spent_Small_value_payments,213.5453952519826,347,Standard
June,44,Manager,131040.42,11104.035,3,1,7,0,18,11,2.88,8,650.2800000000001,32.51544269617381,No,0,97.8937108410832,High_spent_Large_value_payments,1252.5097891589169,229,Standard
May,24,NA,46783.08,4058.59,3,7,20,7,22,13,8.04,6,1558.33,27.570026893878918,Yes,236.31970062600107,364.532148876142,Low_spent_Medium_value_payments,85.00715049785687,163,Standard
May,19,Manager,127491.48,10731.29,5,1,1,4,0,9,1.6500000000000001,2,563.31,36.97311670843669,No,287.16118846081025,141.3213557215833,High_spent_Large_value_payments,884.6464558176065,277,Good
May,49,Developer,162688.28,13580.356666666665,0,5,2,2,17,0,4.48,2,641.14,40.945522556653074,No,178.6439386512262,1113.9095265272729,Low_spent_Large_value_payments,335.48220148816785,385,Standard
August,46,Entrepreneur,32348.4,2966.7000000000007,5,7,7,0,28,20,1.6600000000000001,5,1416.25,36.512011030271545,No,0,49.040892255583344,High_spent_Medium_value_payments,497.6291077444167,392,Standard
July,30,Writer,34290.119999999995,2697.51,9,8,25,7,52,12,13.96,13,2686.8100000000004,35.11893274172206,Yes,185.11198257950056,224.09320407033417,NA,150.5458133501653,170,Standard
March,27,Musician,38868.119999999995,3043.01,3,4,1,1,3,-2,-5.49,3,1150.03,36.15915684891398,No,27.366603463136187,59.68608269979565,High_spent_Small_value_payments,477.24831383706817,294,Good
April,45,Musician,96683.48,8297.956666666663,7,7,11,4,18,17,5.7700000000000005,693,1084.27,30.999342263637075,No,176.70393978532823,159.40802333846875,High_spent_Large_value_payments,733.6837035428698,204,Poor
April,29,Scientist,21353.19,1856.4325000000001,4,7,5,0,19,19,18.01,4,1198.1299999999999,33.771267638162634,Yes,0,125.75636384044749,High_spent_Small_value_payments,319.88688615955255,398,Standard
July,24,Engineer,16956.72,1696.0600000000004,5,5,13,6,28,9,18.24,4,1906.1399999999999,24.954705714383106,Yes,78.22574077418975,29.542935709266644,NA,301.8373235165436,83,Standard
August,54,Developer,10563.445,751.2870833333334,7,5,12,1,17,17,4.2,1804,984.62,35.23930695602484,No,5.96863460882861,61.346882771730186,Low_spent_Small_value_payments,297.8131909527744,207,Standard
July,52,Musician,87636.03,6291.992443316578,4,1,4,2,3,5,2.38,3,202.96,35.92947971403369,No,1054.8458735212093,768.8202328779628,Low_spent_Small_value_payments,165.84420028425052,364,Good
January,18,Doctor,122915.95999999999,10003.996666666666,5,5,17,2,20,12,7.89,3,478.02,35.991649748332314,No,123.98447352988222,819.5794540598092,Low_spent_Medium_value_payments,336.8357390769754,382,Standard
April,19,Musician,50513.119999999995,4239.426666666669,7,6,10,2,25,14,4.55,4,456.26,36.019380992851936,NM,72.74505701930059,117.86557891589014,High_spent_Medium_value_payments,483.332030731476,390,Good
May,52,Doctor,60284.159999999996,5153.68,0,4,2,2,-2,4,4.4,9,1306.74,35.55298676777204,No,67.92957510218616,63.666628471326995,NA,623.7717964264868,366,Poor
July,38,Journalist,15590.68,1298.2233333333331,7,9,26,9,46,3037,28.979999999999997,7,4746.44,35.31237893418287,Yes,92.88936484239521,55.75738457568492,Low_spent_Large_value_payments,251.17558391525318,167,Standard
March,37,Teacher,56227.47,4558.622500000001,8,8,22,5,62,23,24.58,12,2557.06,36.10875253327161,Yes,196.6202025202908,185.4229739962996,Low_spent_Small_value_payments,363.81907348340974,138,Standard
June,41,Architect,18823.32,1423.61,8,5,16,8,33,22,4.87,10,2643.36,35.59225779740576,NM,103.09732991756935,40.163510041754485,High_spent_Medium_value_payments,249.10016004067614,75,Poor
May,30,Scientist,106520.68000000001,8789.723333333333,4,4,13,2,5,16,15.39,8,653.6,38.951142323734025,Yes,98.3378117683293,198.19663164598128,High_spent_Medium_value_payments,832.4378899190227,176,Poor
April,33,Doctor,133439.76,11066.98,2,3,11,4,5,3,2.21,4,863.99,36.20746740802715,No,432.5213188428103,150.4061190489686,High_spent_Large_value_payments,763.7705621082214,367,Good
April,46,Mechanic,17519.775,1362.98125,6,5,15,2,26,11,2,0,290.96999999999997,33.286646222297094,No,17980,158.8023402059536,Low_spent_Small_value_payments,240.20090763910875,197,Standard
May,37,Accountant,138715.04,11841.586666666666,5,3,15,1,29,15,14.11,2,551.75,29.979206014486728,Yes,71.74642024652006,839.775194766934,Low_spent_Medium_value_payments,552.6370516532129,249,Standard
May,29,Scientist,28634.88,2442.24,6,6,17,8,51,21,8.34,8,3195,29.826099403962036,Yes,106.5034545416628,105.31472369991494,Low_spent_Small_value_payments,322.40582175842235,85,Poor
February,31,NA,52977,4595.75,7,9,24,7,41,22,3.72,6,2578.67,25.55699680362795,NM,249.14427464475034,420.55090011409993,Low_spent_Large_value_payments,59.8798252411498,84,Poor
July,33,NA,117827.22,9684.935,1,124,5,2,14,8,14.370000000000001,5,1470.72,32.612481904878074,No,120.23850426871479,225.62032266555929,High_spent_Large_value_payments,862.634673065726,235,Good
April,20,Architect,59923.89,4783.6575,10,10,15,2,52,14,17.47,10,2497.36,39.25070993025118,Yes,94.81682821140717,524.4348061043329,Low_spent_Small_value_payments,149.11411568425996,220,Poor
May,50,Accountant,21931.995000000003,1887.66625,1,1,1,0,9,8,8.19,5,900.26,36.3083100776288,NM,0,67.06613596628625,Low_spent_Medium_value_payments,401.70048903371395,195,Good
April,53,Lawyer,32972.8,2836.7333333333345,6,3,8,0,10,12,15.01,4,390.40999999999997,29.159931337381273,Yes,0,240.78122085399565,Low_spent_Large_value_payments,312.89211247933775,277,Standard
July,55,Engineer,29616.72,2187.06,2,1,3,2,15,3,5.83,7,189.92000000000002,39.630980385716995,No,27.904323425239664,56.9161619552727,High_spent_Medium_value_payments,383.88551461948765,244,Good
April,31,Mechanic,64511.340000000004,5440.945,7,3,15,0,7,8,18.57,2,330.6,27.003287075278948,Yes,0,304.5905284586644,Low_spent_Large_value_payments,509.50397154133555,277,Standard
July,51,Doctor,110468.48999999999,8934.7075,0,7,7,1,9,3,7.23,2,1195.71,32.26233080002399,No,52.45822348897335,157.44177308232995,High_spent_Large_value_payments,923.570753428697,383,Good
January,18,Lawyer,61881.64,5266.803333333332,6,5,19,7,34,22,5.81,8,3738.53,30.83027207403955,Yes,247.63312320422006,349.4519896333288,Low_spent_Small_value_payments,219.59522049578447,8,Standard
August,49,Lawyer,126982.68000000001,9032.198036759755,0,6,1,0,10,9,7.26,4,1351.84,35.02575784309023,No,1511.691963240243,295.87990890681334,High_spent_Medium_value_payments,1008.5090910931866,306,Good
March,38,Musician,15649578,1372.902588813681,6,4,13,1,20,19,19.459999999999997,4,942.99,35.377185977593534,Yes,120.24584349394632,174.45138040701883,Low_spent_Small_value_payments,249.62927061868731,208,Standard
August,37,Teacher,85328.73,6858.7275,528,4,11,1,17,834,1.83,2,585.05,22.565447622396647,No,68.45896611201618,610.869536735643,Low_spent_Medium_value_payments,286.54424715234074,386,Good
February,18,Lawyer,18888.460000000003,1368.038333333333,8,9,18,7,47,18,15.41,9,1543.58,33.613139889151164,Yes,69.04333951115973,151.5743870345753,Low_spent_Small_value_payments,206.18610678759833,172,Standard
May,54,Journalist,32985.87,2928.8225,2,5,2,0,12,10,6.17,8,1048.34,38.37582343386657,No,0,152.09322240712984,Low_spent_Large_value_payments,410.7890275928702,399,Good
March,40,Accountant,60843.33,4902.277499999999,4,6,14,3,22,18,19.419999999999998,6,1494.43,29.686141091846338,NM,151.97884953638464,240.84747294561515,Low_spent_Small_value_payments,387.4014275180003,241,Standard
January,40,Scientist,19065.32,1497.7766666666669,3,6,5,5,23,14,7.81,4,2008.06,29.44953193902063,Yes,76.21247400832009,63.521479769884756,Low_spent_Medium_value_payments,290.0437128884618,199,Standard
March,23,Mechanic,20929.34,1838.1116666666671,7,6,10,70,13,8,12.28,8,695.4499999999999,23.173683754784012,Yes,45.44267175263863,48.752606901842796,Low_spent_Medium_value_payments,369.6158880121852,168,Standard
February,27,Writer,36320.13,3271.6775000000002,7,6,5,4,17,13,6.71,0,759.4399999999999,38.92508081253632,No,106.81307047440716,323.4811797709835,Low_spent_Medium_value_payments,176.87349975460933,189,Standard
May,44,Media_Manager,7226.4349999999995,662.2029166666669,8,5,20,3,13,14,8.719999999999999,9,1533.48,22.656798036452688,NM,16.193506546212475,19.82388546675238,Low_spent_Medium_value_payments,310.2028996537019,122,Poor
January,21,Musician,73020.54,6183.044999999999,2,5,6,3,28,3,2.98,2,1363.6799999999998,38.342223419198774,No,172.89418613885428,379.9907119466335,High_spent_Small_value_payments,325.41960191451216,322,Poor
February,31,Doctor,15067.08,1325.59,7,5,16,5,22,18,23.810000000000002,9,3980.4900000000002,23.37645371952925,Yes,42.66800030832208,124.53934191204486,Low_spent_Small_value_payments,255.35165777963306,166,Standard
May,34,Writer,36063.450000000004,2844.2875,7,6,13,5,20,14,16.779999999999998,6,1497.12,23.530123872829485,Yes,135.1026903037025,120.29445578347108,High_spent_Medium_value_payments,279.03160391282637,188,Standard
April,32,Teacher,117355.48,9757.623333333333,4,7,2,1,8,1,0.72,3,1484.6699999999998,34.74499314523205,No,67.67342475069334,456.9483577502953,Low_spent_Small_value_payments,741.1405508323445,316,Standard
January,22,Engineer,10885.15,611.0958333333334,5,5,5,1,16,16,9,4,246.22,40.397710438614396,Yes,6.6065179827057605,21.032752001585408,Low_spent_Small_value_payments,323.47031334904216,171,Standard
April,34,Architect,9613.62,564.1350000000001,8,10,28,2,26,9,13.65,10,2062.12,23.661523308931567,Yes,15.94820309569393,40.670460492065345,Low_spent_Small_value_payments,289.7948364122406,169,Poor
February,22,Doctor,97034.95999999999,7828.24666666667,3,3,11,5,21,15,17.3,8,86.67999999999999,31.949985949936824,NM,246.52969363464905,196.7665187727257,High_spent_Medium_value_payments,589.5284542592922,146,Standard
June,20,Engineer,132180.24000000002,11119.02,5,7,8,2,5,3,4.52,7,747.8599999999999,38.92672460328681,No,155.1618339274239,533.2450023927314,Low_spent_Medium_value_payments,703.4951636798445,393,Poor
January,34,Scientist,20017.24,1481.103333333333,8,9,30,8,52,19,14.81,8,4364.820000000001,30.59847338643825,Yes,109.01516524736572,72.74646672617051,High_spent_Small_value_payments,226.3487013597972,53,Poor
January,44,Entrepreneur,65522.840000000004,5376.2366666666685,10,8,18,9,32,23,1.3800000000000001,9,1382.94,29.900732069228027,Yes,399.37181230482014,94.54533900073729,High_spent_Medium_value_payments,293.70651536110927,169,Poor
July,22,Teacher,57619.53,4643.6275000000005,4,6,7,2,3,18,10.629999999999999,2,1284.31,31.31765517349465,No,81.52365105080031,228.61150699950497,Low_spent_Small_value_payments,444.2275919496945,375,Poor
March,22,Developer,167545.24000000002,13785.103333333333,5,4,2,3,14,9,4.7700000000000005,0,503.22999999999996,35.228190727492866,No,234.95976988273142,354.3164723621693,High_spent_Medium_value_payments,1039.2340910884327,190,Good
May,20,Manager,37361.02,3280.418333333334,10,6,19,6,54,18,22.41,12,2911.75,41.39618107894547,Yes,129.87189051717294,159.2730417624481,Low_spent_Medium_value_payments,318.8969010537122,51,Poor
May,21,Doctor,45594.719999999994,3808.56,7,4,527,6,15,17,9.47,8,1256.49,28.721060196230525,Yes,182.10718559172057,152.83617324719657,Low_spent_Small_value_payments,335.9126411610829,192,Poor
August,41,Scientist,47521.56,4128.13,3,4,10,5,27,14,6.08,11,1084.43,37.47525656733104,Yes,163.76370573946437,257.4439387997416,Low_spent_Medium_value_payments,271.60535546079393,158,Poor
August,38,Entrepreneur,49570.5,4335.875,6,8,24,4,19,21,4.859999999999999,8,1697.98,32.41783229862315,Yes,130.63491905089842,157.96150847066443,Low_spent_Small_value_payments,434.9910724784371,138,Poor
July,27,Mechanic,20060.23,1873.6858333333328,6,5,34,9,14,19,25.32,16,2844.9900000000002,26.47239872347567,Yes,148.52392678361448,130.32699837243663,High_spent_Small_value_payments,168.51765817728233,59,Standard
January,21,Lawyer,77945.08,6319.423333333331,8,5,24,5,50,24,25.06,6,4467.44,35.54430374201376,Yes,267.04047764514496,295.2238304397017,Low_spent_Small_value_payments,359.67802524848673,165,Standard
May,33,Architect,26716.09,2372.3408333333336,4,5,6,3,30,14,6.1,1,643.89,25.82185514902665,NM,55.1399328601421,55.202209831977754,High_spent_Small_value_payments,386.89194064121347,191,Standard
July,54,Media_Manager,176783.91999999998,14754.993333333334,0,1,3,2,11,6,10.42,6,1462.95,38.09436214265186,No,262.0930501988325,209.38054924501895,High_spent_Medium_value_payments,1254.0257338894821,387,Good
June,42,Scientist,29386.9,2236.908333333334,4,4,27,6,25,15,9.17,12,2127.7799999999997,31.98212678257055,Yes,100.48637479856895,80.86492749243295,Low_spent_Small_value_payments,332.3395310423314,204,Standard
February,27,Developer,133949.36,11262.446666666665,5,997,8,0,0,2,2.38,1,1454.6799999999998,29.65035348015272,No,0,834.7875640010676,Low_spent_Medium_value_payments,571.4571026655988,216,Good
May,19,Doctor,72125.2,6094.433333333332,3,5,12,2,12,17,9.52,6,95.23,42.176764120092074,Yes,84.48929614020292,82.3871943795944,High_spent_Large_value_payments,682.566842813536,239,Standard
August,35,Lawyer,7957.91,563.1591666666668,2,2,17,5,23,17,11.129999999999999,8,818.5,27.51701492846677,Yes,31.461448390614912,32.407788670650795,Low_spent_Small_value_payments,282.4466796054009,123,Standard
March,45,Media_Manager,25462.29,2295.8575000000005,8,6,17,7,26,20,8.78,7,1189.3,32.1937296438034,Yes,95.32880068327249,32.52856525681732,High_spent_Large_value_payments,341.72838405991024,72,Standard
July,37,Writer,61167.9,4912.325000000001,3,2,2,4,15,5,3.74,4,1354.8799999999999,33.439351448896005,No,176.74242210494077,259.7477813818783,Low_spent_Medium_value_payments,334.74229651318086,190,Good
February,23,Journalist,32486.64,2497.22,5,5,8,3,14,10,9,8,242.96,36.16146069457049,Yes,51.0969721058964,26.997559555467777,High_spent_Medium_value_payments,421.62746833863577,215,Standard
March,20,Lawyer,29949.1,2419.7583333333337,3,3,6,7,13,18,9.870000000000001,5,1316.1899999999998,35.64218000130663,NM,148.99744444324975,70.60771301930949,High_spent_Medium_value_payments,272.37067587077416,238,Standard
June,29,Accountant,31392.940000000002,2782.078333333334,1,1,5,3,9,10,8.02,0,1493.1699999999998,26.705577291777555,No,47.6981276707161,178.4023767578373,High_spent_Small_value_payments,312.10732890478,310,Good
August,23,Doctor,29146.6,2561.883333333334,4,3,12,2,7,9,2.79,7,179.48000000000002,35.06000715233331,No,26.2417148661528,177.74994324259492,Low_spent_Large_value_payments,322.1966752245856,220,Standard
February,40,Media_Manager,14208.864999999998,1365.072083333333,3,4,4,0,14,3,4.6499999999999995,3,605.49,37.75067280303893,No,0,10000,Low_spent_Small_value_payments,324.46409120843293,386,Good
June,40,Lawyer,36825.36,3059.7799999999997,6,5,13,4,17,13,7.449999999999998,8,1078.41,28.40352219643498,Yes,61.690872281397105,99.83617833189383,High_spent_Small_value_payments,404.45094938670906,222,Standard
May,39,Engineer,41691.159999999996,3040.2900946633895,7,8,17,6,27,20,21.32,9,4786.620000000001,24.917612726383013,Yes,412.3715164978268,179.42323286610215,High_spent_Small_value_payments,213.1048226393496,20,Standard
July,40,Journalist,57107.52,4980.96,8,10,17,6,25,25,2.46,9,2538.7,25.425888315710328,Yes,154.7080578577802,84.30782864991399,NA,509.0801134923058,164,Standard
July,28,Developer,83800.56,7269.38,3,3,5,2,5,11,11.41,0,836.69,39.5315503931974,Yes,117.35085786950886,344.53995021474105,Low_spent_Medium_value_payments,545.0471919157501,248,Poor
April,36,Mechanic,118244.84,10055.736666666666,7,3,15,1,25,16,3.03,9,1379.72,45.54016796998517,Yes,50.81781279935919,208.04028221289448,High_spent_Large_value_payments,986.715571654413,260,Standard
July,43,Developer,15859.47,1082.6225,8,5,33,5,10,10,15.92,10,2151.1,24.878056665954077,NM,55.3948925674778,56.85979599146604,Low_spent_Large_value_payments,266.00756144105617,236,Poor
August,21,NA,95596.35,8205.3625,0,3,2,3,12,1,4.98,6,1028.1,34.76880415964609,No,200.55936545132263,148.01159771677118,High_spent_Large_value_payments,711.9652868319057,351,Good
May,23,Journalist,17810.5,1200.208333333333,5,7,8,1,8,17,8.229999999999999,4,1163.48,35.296360086014765,NM,14.205849151986216,28.726761605572772,High_spent_Small_value_payments,337.08822257577435,392,Standard
August,22,Lawyer,66528.23999999999,5733.02,5,5,11,0,20,12,13.65,2,1460.8,30.585974940586677,NM,0,158.42020476590395,High_spent_Medium_value_payments,664.8817952340962,275,Standard
March,48,Lawyer,60865.05,5221.0875,316,7,3,3,22,8,-0.77,0,1188.49,22.770200690081637,NM,140.20993380921036,192.60485277614134,High_spent_Medium_value_payments,439.2939634146482,297,Standard
January,52,Manager,33200.52,2755.71,1429,4,20,2,25,18,9.59,4,1290.73,38.2187306978158,No,28.06429661886525,36.305270471951246,High_spent_Medium_value_payments,461.20143290918344,209,Standard
August,40,NA,9598.38,515.8649999999998,7,6,20,2,20,9,9.31,5,878.4399999999999,24.53227855082218,Yes,15.402638451284133,46.074123612975214,Low_spent_Small_value_payments,280.1097379357407,198,Standard
June,54,Teacher,120404.72,10145.726666666667,3,6,11,3,-4,5,2.53,6,1318.6,39.58921823370106,No,228.848510473575,221.9916903820616,High_spent_Large_value_payments,803.7324658110301,243,Poor
June,54,Teacher,19494190,3811.3366666666657,0,6,6,2,5,5,0.6,5,780.26,33.093119035421466,No,63.31342077852024,354.29877624779914,Low_spent_Small_value_payments,253.52146964034716,243,Standard
January,31,Manager,177560.68,14512.723333333333,0,3,5,0,22,3,4.1899999999999995,1,376.64000000000004,30.959664624673128,No,0,10000,Low_spent_Medium_value_payments,1307.6435175236263,285,Poor
June,42,Engineer,14562.32,1168.5266666666669,7,8,34,4,56,23,7.21,11,1916.2,31.818402192664276,Yes,43.09042995405283,44.71397908950043,Low_spent_Small_value_payments,319.04825762311344,226,Standard
February,29,Developer,58194.33,4663.5275,5,7,20,5,26,18,12.11,4,1208.3799999999999,25.21358572066429,Yes,132.08369503329803,150.64306331573073,High_spent_Medium_value_payments,433.6259916509713,112,Standard
July,40,Lawyer,19604.35,1715.695833333333,5,4,15,5,13,8,10.9,8,694.7800000000001,28.760164676866122,NM,44.210408702760304,27.73707233804979,NA,339.6221022925232,142,Standard
January,30,Engineer,56286.51,4601.5425000000005,7,5,15,5,33,17,18.59,10,2554.66,27.38246175806797,Yes,201.49816150827505,184.72348071300357,Low_spent_Small_value_payments,363.9326077787214,211,Poor
January,47,Manager,58267.5,4601.625000000001,4,3,19,0,12,3457,13.42,2138,244.16,34.06241832798981,Yes,0,595.6164981326592,Low_spent_Small_value_payments,154.54600186734078,262,Standard
February,35,Journalist,70978.43999999999,5993.87,6,4,21,5,22,17,19.58,6,1587.98,27.642826797779456,Yes,262.83156642584424,480.20623088711955,Low_spent_Medium_value_payments,136.34920268703618,168,Poor
June,53,Teacher,30269.71,2387.7759959497507,6,5,7,3,17,19,1.9000000000000004,0,838.05,33.47796731740499,Yes,306.75613100380764,72.9856268691727,Low_spent_Large_value_payments,418.0056628439355,190,Standard
March,43,Musician,67857.8,5498.81666666667,8,10,32,3,29,19,13.709999999999999,9,1497.6799999999998,39.145767946406764,Yes,116.05577633171235,115.2528082601677,High_spent_Medium_value_payments,568.5730820747867,199,Poor
February,39,NA,16138.98,1236.9150000000002,8,7,16,5,27,12,16.45,11,1278.8799999999999,32.78621727503565,Yes,44.3278892687654,92.9178794140756,Low_spent_Small_value_payments,276.44573131715896,208,Standard
June,23,Lawyer,26686.14,2284.8450000000003,4,6,19,6,10,10,18.810000000000002,4,220.17,25.960632565230437,Yes,81.39258258620845,63.155609047262644,High_spent_Medium_value_payments,333.9363083665288,104,Standard
July,46,Scientist,14900.75,1291.7291666666667,9,5,16,6,27,16,18.62,15,3088.8,23.715726324453822,Yes,43.57809580419593,75.91497661440168,Low_spent_Large_value_payments,279.67984424806906,55,Standard
April,23,Media_Manager,48780.56,3835.0466666666653,4,5,16,0,29,20,4.970000000000001,5,967.75,26.30927358853727,Yes,0,74.61830427055776,High_spent_Large_value_payments,548.886362396109,232,Standard
March,29,Engineer,97168.2,8002.350000000001,7,6,8,2,25,17,8.54,2,1226.83,38.31801203853819,Yes,95.99393136582695,931.1527892042999,Low_spent_Small_value_payments,63.08827942987307,189,Standard
July,26,Doctor,10279.304999999998,955.6087500000001,7,9,34,5,40,16,2.05,7,4072.2,31.385554308580524,Yes,42.4504154945864,70.37138945051176,Low_spent_Medium_value_payments,262.73907005490184,52,Poor
February,33,Musician,17446.07,1245.8391666666666,6,1222,15,7,20,19,9.229999999999999,8,2239.2,25.86726669845247,Yes,73.0994173839119,15.408984955870139,High_spent_Medium_value_payments,286.07551432688456,177,Poor
February,35,Accountant,70137.8,5901.81666666667,2,5,9,1,20,12,-3.01,1893,335.1,40.242837157531646,No,48.245671404083275,140.30144549828404,NA,641.6345497642994,369,Poor
March,43,Mechanic,33990.850000000006,2569.5708333333337,5,4,2,0,19,14,7.59,0,1439.4,31.511189552912132,No,0,99.45470530114369,High_spent_Small_value_payments,417.5023780321896,365,Good
May,24,Journalist,43335.48,3670.29,7,5,19,6,48,13,15.83,12,1264.71,33.92147783786909,Yes,133.6886868447347,29.736996280603467,High_spent_Large_value_payments,443.6033168746618,227,Poor
January,28,Doctor,18965.08,1602.4233333333332,375,7,15,7,34,19,1.1400000000000001,9,2678.15,30.564881205694117,NM,93.64338765140214,140.77949340541736,Low_spent_Small_value_payments,215.81945227651383,93,Poor
January,22,Developer,14128.68,884.3900000000001,4,4,9,2,6,18,14.32,4,314.56,35.97393021825795,Yes,12.076670221913464,106.61972786329693,Low_spent_Small_value_payments,259.74260191478965,233,Standard
June,33,Scientist,72414.06,6234.505,5,6,19,4,7,20,9.55,2,1020.01,24.856724423571798,No,201.37507856429124,61.47571594499666,High_spent_Large_value_payments,600.5997054907124,303,Standard
June,36,Scientist,11724729,4665.0250000000005,8,9,29,3,21,11,12.07,8,1938.26,40.167423971828256,Yes,133.81962488663618,463.8935414451873,Low_spent_Small_value_payments,158.78933366817643,130,Poor
February,52,Developer,35444.719999999994,3216.726666666666,1,5,5,0,14,11,4.84,2,1348.43,36.79325280280468,No,0,244.91937221092684,Low_spent_Small_value_payments,366.7532944557399,213,Standard
March,42,Accountant,15153.54,1108.795,8,5,26,6,56,16,18.1,11,2660.07,28.43563334141101,Yes,61.79987176884573,86.32332731838784,Low_spent_Small_value_payments,252.75630091276645,103,Poor
August,19,Engineer,20354.85,1403.2375000000002,8,6,30,7,33,24,23.66,10,4288.63,38.027798617232776,Yes,80.21854912819707,131.26832772841755,Low_spent_Small_value_payments,218.83687314338542,33,Standard
May,32,Developer,78339.66,6562.305,3,4,18,2,21,11,6.659999999999999,6,285.36,37.76935518950755,No,43167,663.2181927504098,Low_spent_Small_value_payments,195.77809893306755,230,Standard
August,45,Architect,15028.515,1417.37625,8,7,8,0,21,14,7.6499999999999995,2,583.74,41.02774593593271,NM,0,15.935000701169539,High_spent_Medium_value_payments,375.8026242988303,282,Standard
February,26,NA,147327.8,12351.316666666664,5,5,7,1,8,19,11.47,8,738.15,42.250917286204455,Yes,52835,692.2435506907697,Low_spent_Large_value_payments,739.3134520900184,219,Standard
July,51,Musician,68948.32,5671.693333333334,4,2,4,1,13,4,6.29,6,287.63,25.54431277440909,No,57.21828801735873,99.93787298391506,High_spent_Large_value_payments,650.0131723320596,202,Standard
August,32,Accountant,160350.4,13274.533333333333,2,5,6,3,4,0,9.65,5,1077.27,30.20813543890462,No,212.42935211292783,881.7519917114348,Low_spent_Medium_value_payments,513.2719895089707,375,Good
April,42,Doctor,34352.2,2573.683333333334,7,7,25,6,32,14,26.68,8,3584.13,25.507459267729793,Yes,140.55075623369282,65.14347253928676,High_spent_Large_value_payments,291.67410456035367,86,Standard
April,36,Teacher,25567.260000000002,1970.605,3,7,15,3,26,8,9.5,6,1446.82,24.038646841237544,Yes,44.831552364117,10000,High_spent_Small_value_payments,280.598233868254,258,Standard
January,19,Entrepreneur,169789.52,14355.126666666665,1,5,10,3,9,-2,2.34,0,406.94,43.1444381455664,No,256.07002526484723,756.2751399012127,Low_spent_Medium_value_payments,703.1675015006067,371,Standard
April,37,Accountant,64927.340000000004,5402.611666666669,6,3,8,6,14,8,13.38,7,503.58,29.47904215444514,Yes,324.23153010379207,92.95216652242696,High_spent_Medium_value_payments,373.0774700404476,222,Good
August,20,Scientist,15991.02,1375.585,7,10,28,8,46,19,28.79,8,4667.33,39.495770180913055,Yes,59.00307003925188,108.3055689809974,Low_spent_Medium_value_payments,250.24986097975068,112,Poor
July,27,Teacher,33411.91,2723.3258333333347,7,6,8,3,3,16,18.86,9,876.74,28.352661575968547,Yes,61.26719603186614,48.912305609420905,High_spent_Medium_value_payments,412.1530816920464,338,Standard
February,38,Accountant,14871.095,942.2579166666668,3,3,7,2,17,-1,8.62,4,725.09,36.596202281284256,No,23.619091905699914,77.80627029041598,NA,262.8004294705508,200,Standard
June,29,Architect,45780.86,3541.0716666666667,6,6,19,5,28,15,13.18,12,984.91,37.4899827667796,Yes,125.95810678170879,52.45883305820724,High_spent_Medium_value_payments,425.6902268267507,74,Standard
March,34,Scientist,73961.12000000001,5950.426666666668,9,9,17,9,15,24,2.56,9,1308.52,27.976593819360122,Yes,392.1095205298219,139.57149641442996,NA,313.36164972241494,88,Poor
March,21,Architect,38321.39,3354.4491666666668,4,4,3,4,11,10,1.59,3,678.57,27.013534606954302,No,114.27114623128685,89.76852159420852,High_spent_Medium_value_payments,381.40524884117127,205,Poor
January,45,Accountant,73507.4,6146.616666666669,8,220,18,7,34,16,4.46,10,1660.98,24.865827026984032,Yes,412.0513670593911,186.5895567135492,High_spent_Medium_value_payments,266.02074289372655,187,Poor
February,25,NA,50295.36,3893.2799999999997,7,6,20,0,17,12,8.12,9,527.8499999999999,33.57061167750627,Yes,0,42.11522692722605,High_spent_Medium_value_payments,597.212773072774,212,Standard
February,45,NA,51548.56,4193.713333333332,8,5,8,4,30,8,6.98,3,382.14000000000004,30.745925795926162,No,92.04786673224876,133.62132573907238,High_spent_Medium_value_payments,443.7021408620121,190,Standard
January,24,Writer,14180.48,956.7066666666668,6,7,21,6,50,15,27.69,10,3229.56,24.301307445826946,Yes,50.0507587287941,10000,Low_spent_Large_value_payments,255.5566023776266,154,Poor
May,48,Accountant,172534.16,14344.846666666665,4,7,5,3,13,11,11.99,0,1343.5,40.20653690274396,No,393.6591443764392,552.5604833215858,High_spent_Medium_value_payments,738.265038968642,258,Good
February,24,Doctor,72219.48,5866.29,9,6,18,9,30,24,23.77,8,3456.15,27.344835931758748,Yes,412.68649409121605,308.683723039411,Low_spent_Large_value_payments,135.25878286937302,104,Standard
August,35,Entrepreneur,12127.235,894.6029166666668,4,4,11,1,27,19,6.96,5,581.87,28.998188358584642,Yes,5.629824416938626,62.593185326233005,Low_spent_Medium_value_payments,301.23728192349506,372,Poor
August,45,NA,17075.22,1538.9350000000006,7,6,23,5,26,18,22.67,11,3593.36,31.935145759802975,NM,57.60755548793222,128.70136551941818,NA,257.58457899264954,141,Poor
August,39,NA,80265.2,6596.766666666668,5,7,12,4,17,8,13.860000000000001,5,636.92,30.25370558001491,Yes,220.0650676242416,366.6025807910083,Low_spent_Medium_value_payments,353.0090182514167,122,Standard
February,21,Engineer,8736.19,639.0158333333335,4,5,29,3,9,17,11.25,4,1895.45,30.54835888021666,Yes,16.66626327403549,43.03511593136258,High_spent_Small_value_payments,264.2002041279353,134,Poor
May,26,Teacher,29987.16,2557.9300000000003,4,4,3,3,6,3,2.36,1,30.53,30.170194962058527,No,60.30053563058081,77.37395803783494,High_spent_Medium_value_payments,368.1185063315843,383,Good
June,29,Doctor,32438.59,2811.2158333333336,3,4,2,2,15,17,10.62,4,64.64999999999999,36.40536286644689,No,38.481829065943344,170.9232324109916,Low_spent_Small_value_payments,361.71652185639834,199,Good
May,50,Mechanic,29043.12,2149.2599999999998,5,3,12,0,28,8,19.47,3,489.94,27.140842741523283,NM,0,93.14989054380119,Low_spent_Medium_value_payments,401.77610945619864,299,Standard
February,45,Journalist,98313.12000000001,7990.76,5,4,15,4,6,11,18.51,5,96.56,24.98426897884828,Yes,206.18123637411162,182.3497381214983,NA,650.5450255043903,220,Standard
January,30,Accountant,7621.8,914.15,6,10,28,6,18,19,31.01,10,4128.98,29.714514622663003,NM,24.906263362349712,44.60070292479486,Low_spent_Small_value_payments,311.9080337128554,76,Standard
August,31,Entrepreneur,14542.3,1480.8583333333327,6,9,22,6,27,18,15.219999999999999,8,4479,34.830541033390546,Yes,63.111989582072,131.40925621245975,Low_spent_Medium_value_payments,233.56458753880153,14,Standard
February,41,Engineer,35615.68,2677.9733333333343,2,3,8,0,28,8,5.05,3,1448.8899999999999,33.48329863187875,No,0,167.30453886024156,Low_spent_Medium_value_payments,380.49279447309175,344,Poor
May,20,Doctor,112939.47,8734.373117930589,4,5,4050,0,16,3,11.03,6,800.06,38.63075424828154,No,930.2493820694093,237.65655004204442,High_spent_Large_value_payments,968.8056999579557,275,Good
May,21,Mechanic,15051.064999999999,1156.2554166666666,5,7,20,2,21,11,14.850000000000001,9,1455.55,23.41831188588277,NM,24.26990424741696,96.09056323350802,Low_spent_Medium_value_payments,275.26507418574175,373,Standard
April,36,Musician,31795.480000000003,2895.623333333334,8,9,15,9,18,24,1.47,12,4791.08,32.447775522013,Yes,206.0221147931281,58.37338936699569,High_spent_Small_value_payments,285.1668291732095,89,Poor
January,34,Journalist,10392.095,1127.0079166666665,3,9,28,3,30,12,15.31,8,2684.3300000000004,27.534906047945533,Yes,17.651307267059945,16.397054112739127,High_spent_Large_value_payments,318.6524302868677,183,Poor
July,32,Architect,108223.62000000001,8775.635,5,6,7,2,9,12,11.53,3,977.19,33.70247542100044,Yes,127.92921351189595,598.2489360547405,Low_spent_Medium_value_payments,431.38535043336384,327,Standard
August,25,Scientist,38612.189999999995,2944.682500000001,5,3,11,2,1,3,10.82,4,595.38,27.857412127771926,No,52.840944988801816,201.2375224831105,Low_spent_Small_value_payments,330.38978252808766,374,Poor
August,19,Accountant,20804.77,1436.7308333333328,6,6,30,5,35,22,25.57,11,4443.320000000001,36.916600881550075,NM,50.205469753354954,48.920952259203005,Low_spent_Medium_value_payments,324.54666132077534,113,Poor
April,37,Journalist,21093.41,1677.7841666666666,1,5,10,3,13,9,6.07,3,694.73,28.616399933471868,No,29.959036566984476,154.9215011304264,Low_spent_Medium_value_payments,262.8978789692557,324,Good
January,23,Developer,32737.58,2729.1316666666667,0,5,6,3,10,10,3.4299999999999997,2,568.7700000000001,32.005987076407635,No,78.59702320744618,44.42064125429442,High_spent_Medium_value_payments,399.89550220492606,362,Standard
March,39,Teacher,33960.07,3080.0058333333336,1,5,11,1,5,6,4.23,2,482.5,38.19203804640199,No,23.17258249637737,171.4213121593558,High_spent_Small_value_payments,373.4066886776002,307,Standard
February,18,Architect,47183.94,3803.9950000000003,7,9,27,5,53,24,9.709999999999999,8,4579.44,37.444851311270895,Yes,166.89065453921575,184.07050101427183,High_spent_Small_value_payments,289.43834444651236,155,Poor
June,21,Mechanic,22728.9,1773.075,5,3,16,3,26,9,16.27,4,888.02,24.80630495138821,Yes,42.19175511605129,101.59143396635552,Low_spent_Large_value_payments,303.52431091759314,304,Standard
August,26,Doctor,14560.52,1290.376666666667,6,8,30,9,22,23,16.99,7,3831.3100000000004,32.458728076819476,Yes,67.73227591896628,20.89375594740677,NA,280.41163480029354,105,Standard
May,22,Architect,9336.935,887.0779166666666,6,6,25,7,42,22,15.719999999999999,10,3572.04,37.56677539443929,Yes,40.1775140635976,35.47340985801801,Low_spent_Small_value_payments,303.056867745051,170,Poor
January,25,Accountant,41360.3,3424.6916666666666,3,7,12,1,12,10,9.31,1487,254.29,25.71574112959557,No,33.64768787321606,10000,High_spent_Small_value_payments,398.07758597698273,251,Poor
March,41,Media_Manager,47093.32,3950.443333333334,3,6,18,6,22,11,12.67,7,1036.1899999999998,36.482253393540674,Yes,204.14055519713136,287.26294404268185,Low_spent_Large_value_payments,173.64083409352003,101,Standard
February,24,Media_Manager,36408.04,3123.0033333333345,7,3,9,0,23,8,9.39,6,903.14,32.47153530402104,No,0,172.20338026707833,NA,400.09695306625486,221,Standard
May,24,Scientist,73300.88,6140.4066666666695,7,7,8,2,23,19,2.59,2,355.75,40.65526561638059,No,110.50943680719413,361.3678590247866,High_spent_Small_value_payments,402.16337083468596,369,Standard
April,55,Media_Manager,67850.16,5520.18,5,6,10,3,23,15,-2.8299999999999996,5,654.06,35.56669925377668,No,101.0504670622954,78.70294332913512,High_spent_Medium_value_payments,622.2645896085695,397,Standard
February,45,Musician,29944.64,2787.3866666666663,8,4,4,1,24,14,1.41,3,1337.1499999999999,31.08228209788464,No,22.237681266645076,46.69528732745011,High_spent_Medium_value_payments,459.8056980725715,282,Good
August,22,Developer,157299.47999999998,13009.29,3,6,8,0,11,3,1.01,2,651.07,46.10143311521217,No,0,409.06315972989023,High_spent_Medium_value_payments,1141.8658402701099,400,Standard
April,39,Engineer,9351661,2012.8116666666672,4,6,6,4,19,10,1.09,3,804.75,29.686392876222346,No,40.095144867770536,99.82434024411087,High_spent_Small_value_payments,321.36168155478526,276,Standard
July,19,Teacher,7780.49,368.3741666666667,8,5,33,7,59,17,25.55,6,4108.42,35.21559236818774,Yes,38.10787109936563,10000,Low_spent_Large_value_payments,257.7135858199066,152,Standard
April,28,Musician,44928.27,3700.0225000000014,8,8,24,9,39,19,2.96,9,2132.79,33.37680550745217,Yes,241.77505800902887,150.6587721604296,Low_spent_Medium_value_payments,257.56841983054164,116,Poor
May,20,Manager,25773.73,2359.810833333334,5,6,8,0,5,10,6.01,5,30.79,30.37221735544545,Yes,0,48.378276273988064,High_spent_Large_value_payments,427.60280705934537,194,Standard
May,52,Teacher,143853.08,11775.756666666663,8,5,6,0,12,10,1.7599999999999996,1,782.93,40.85656388731394,No,0,99.19412821223945,NA,1318.3815384544268,213,Standard
February,40,Doctor,68529.92,6000.8266666666705,10,10,18,7,34,18,17.99,12,2643.57,32.32212113095748,Yes,318.1943615136928,268.4400041431268,Low_spent_Large_value_payments,283.448301009847,165,Standard
June,31,Engineer,15330.304999999998,1135.5254166666666,4,106,5,4,15,19,9.03,4,672.49,31.863006179925524,No,46.38894479341668,76.12271276870342,Low_spent_Small_value_payments,281.0408841045467,219,Good
January,34,Mechanic,131253.81,11068.8175,1,1,8,0,1,5,-2.8600000000000003,1,519.38,46.644536232215785,No,0,90.5225456590247,High_spent_Large_value_payments,1256.3592043409749,262,Good
January,26,Doctor,7709.3550000000005,845.44624999999985,7,4,32,5,17,14,14.92,8,1510.1499999999999,33.674025249586855,Yes,27.68500222776627,28.146631781721123,Low_spent_Medium_value_payments,308.7129909905126,147,Poor
June,34,Writer,33765.68,2528.8066666666664,0,5,8,1,5,8,1.27,193,469.44,38.321801788057094,No,22.338798692795567,213.65552693632628,Low_spent_Medium_value_payments,296.88634103754475,252,Good
July,33,Accountant,30788.440000000002,2623.703333333334,7,9,31,6,49,20,21.73,9,3470.08,27.159810891714944,Yes,114.533020898938,70.08822093436186,NA,327.74909150003356,20,Standard
January,37,Musician,8137.58,554.1316666666669,6,4,17,3,6,13,7.7,5,998.4499999999999,40.562152638497906,NM,14.302914114617197,27.569270531127465,Low_spent_Small_value_payments,303.54098202092206,75,Standard
January,54,Musician,36135.189999999995,2898.2658333333334,3,4,11,4,16,14,1.5,1,695.59,38.09803714969029,NM,87.97703116102518,109.96342396944335,Low_spent_Small_value_payments,381.8861282028647,256,Good
January,36,Writer,61167.9,4912.325000000001,3,1300,2,4,10,5,6.74,3,1354.8799999999999,27.281314757102688,No,176.74242210494077,191.3242023154755,High_spent_Small_value_payments,383.1658755795837,184,Good
March,27,Media_Manager,55245.880000000005,4861.823333333333,3,3,12,2,11,18,4.319999999999999,6,137.95000000000002,32.528443562117346,Yes,54.55618079489176,241.88546753665062,Low_spent_Small_value_payments,479.74068500179106,123,Standard
March,35,Accountant,19879.05,1464.5875,4,4,12,0,25,11,11.03,4,1013.71,31.33766640796669,No,0,170.76448541717315,Low_spent_Small_value_payments,265.6942645828269,225,Standard
February,22,Doctor,19193.420000000002,1589.4516666666668,4,5,9,4,28,20,16.830000000000002,3,211.4,35.77532802405122,Yes,60.116666058704446,82.01004874349057,High_spent_Small_value_payments,276.81845186447157,347,Standard
May,21,Entrepreneur,16644.79,1547.0658333333329,7,6,24,9,19,20,9.93,11,3519.4900000000002,30.17957796849834,Yes,100.76576699930285,116.49349480284272,Low_spent_Small_value_payments,227.44732153118775,60,Poor
May,34,NA,76992.72,6558.06,6,7,33,5,13,19,16.479999999999997,9,1594.5,28.803825461746754,Yes,284.94280397625545,226.97043938930233,High_spent_Small_value_payments,403.8927566344423,132,Standard
July,42,Manager,18157.03,1813.0858333333329,5,5,20,4,9,15,3.2,0,762.58,23.353973405632825,No,33.430549239348345,42.90812803637211,Low_spent_Large_value_payments,374.9699060576128,316,Standard
May,48,Architect,73639.72,6119.6433333333325,6,7,18,0,28,14,15.06,3,1433.03,27.765599458389186,Yes,0,256.4970941751884,High_spent_Medium_value_payments,605.4672391581446,234,Standard
May,26,Doctor,58754.97,5189.2474999999995,8,8,29,5,19,17,9.39,11,2632.8,29.751231002315848,Yes,236.57452846055477,151.60484311723485,Low_spent_Large_value_payments,400.74537842221025,163,Poor
April,43,Journalist,35871.7,3131.308333333334,3,6,6,1,17,2,7.87,0,176.96,32.43212406107981,No,24.574642461192195,52.810947364545015,High_spent_Medium_value_payments,485.7452435075961,331,Standard
August,46,Engineer,29728.309999999998,2551.3591666666666,3,4,6,2,15,-2,4.8100000000000005,7,917,37.95895022931173,No,34.496445198270926,268.7135641419758,Low_spent_Small_value_payments,241.92590732641997,387,Good
July,28,Lawyer,62276.37,5249.6975,5,8,29,2,10,9,25.89,12,1402.8899999999999,38.61848536978834,Yes,70.05445942936052,10000,High_spent_Small_value_payments,483.52587857335755,212,Poor
March,45,Entrepreneur,109945.32,9287.11,8,3,11,0,29,13,4.31,3,480.83,28.53094908036915,No,0,476.1178468295578,Low_spent_Medium_value_payments,732.5931531704425,251,Standard
August,18,Musician,17993.4,1704.6016213914936,7,7,26,6,60,24,22.150000000000002,14,3724.8500000000004,26.243663790399857,Yes,89.33381157719319,71.58218492403311,Low_spent_Small_value_payments,333.47738210728033,165,Standard
April,30,Entrepreneur,17569.87,1216.155833333333,7,3,19,6,24,16,14.209999999999999,12,1625.87,27.496656423819946,NM,45.64725997109364,23.763160422109376,High_spent_Large_value_payments,292.2051629401302,118,Poor
January,52,Lawyer,32029.980000000003,2588.165,2,5,4,3,8,6,4.1099999999999985,0,451.71999999999997,31.94585948889121,No,66.40043249696936,233.608405650418,Low_spent_Small_value_payments,248.80766185261263,361,Good
January,31,Teacher,66949.68000000001,5802.139999999999,5,1,10,2,9,8,8.72,4,421.54,35.50215552607292,No,59.37214723954757,170.21809846298322,Low_spent_Large_value_payments,620.6237542974694,311,Good
April,26,Journalist,22015.68,2037.6399999999999,6,5,7,5,27,12,17.68,4,775.52,32.77075574442331,Yes,74.74171041177065,37.15582095789828,High_spent_Small_value_payments,351.8664686303312,150,Standard
February,36,Doctor,40174.36,3638.863333333334,5,3,12,2,10,20,6.319999999999999,1,539.9599999999999,24.118521394140807,Yes,64.40131450987101,269.2977580532,Low_spent_Large_value_payments,300.1872607702623,218,Standard
May,49,Writer,86186.37000000001,7438.197499999998,7,3,10,3,28,10,17.39,4,524.53,25.578582814224667,Yes,192.39619911847964,159.03699203830962,High_spent_Medium_value_payments,642.3865588432107,186,Standard
July,30,Lawyer,81463.6,6796.633333333333,3,5,16,4,25,11,17.67,10,2027.76,38.03730261681269,Yes,178.69366876789869,385.7682995803334,Low_spent_Medium_value_payments,395.20136498510124,113,Poor
June,41,Accountant,19104.75,1669.0625,4,7,6,3,28,14,14.07,5,955.6,32.88668277531748,Yes,43.75145433154211,66.79827821368954,Low_spent_Small_value_payments,346.35651745476827,361,Poor
February,20,NA,9771.77,652.3141666666668,6,6,8,4,21,9,11.76,7,316.13,25.489812693603856,Yes,27.031210599844,45.09711303493889,Low_spent_Small_value_payments,283.1030930318838,344,Standard
May,18,Doctor,25994.56,2349.2133333333345,5,5,12,1,16,17,7.53,2,1182.1399999999999,41.70572233970508,No,21.38487255594584,47.44720234016855,High_spent_Large_value_payments,406.089258437219,385,Poor
April,24,Scientist,73300.88,6140.4066666666695,7,7,8,2,18,19,2.59,2,355.75,28.20788735914779,No,110.50943680719413,739.3762798349975,Low_spent_Small_value_payments,54.15495002447489,368,Standard
May,33,Doctor,18514.195,1713.8495833333334,0,4,8,2,4,5,5.23,3,62.75,24.0003140330109,No,20.050473557771017,99.38742098330854,Low_spent_Large_value_payments,321.9470637922538,399,Standard
August,45,Architect,20961.365,1898.780416666667,4,1,1,2,0,11,12.41,3,103.28,32.0415010828057,No,17.524628532900174,59.60286902364589,High_spent_Medium_value_payments,362.7505441101207,378,Good
March,49,Lawyer,36535.57,3114.6308333333336,5,3,9,3,15,-1,8.67,0,557.6800000000001,38.93653444466601,No,78.36932850718522,147.10337738261006,Low_spent_Medium_value_payments,365.99037744353785,241,Standard
April,18,NA,18490.14,1615.845,6,9,33,7,37,24,21.29,7,3590.9100000000003,35.510092615565284,Yes,92.09205947464586,10000,Low_spent_Medium_value_payments,233.63377751856737,26,Standard
February,39,Lawyer,17594.780000000002,1481.2316666666668,10,6,29,7,52,23,7.55,12,2413.88,38.807571238397244,Yes,74.00056717550692,15.194941701023426,High_spent_Large_value_payments,298.92765779013627,221,Standard
August,36,Musician,72307.32,5754.610000000002,8,4,9,3,18,15,15.34,7,1180.91,31.40207309455325,Yes,152.96553062207084,107.98120635589943,High_spent_Large_value_payments,554.5142630220297,208,Standard
April,26,NA,39292.44,3340.3700000000013,2,4,7,4,5,7,6.59,3,1343.62,39.194170129096335,No,90.86176298213776,186.42220784290774,Low_spent_Medium_value_payments,336.7530291749547,377,Good
April,32,Accountant,123523.6,10168.633333333333,1,2,3,4,-1,13,10.09,7,493.08,32.17617197974643,No,342.30551702503874,242.4226539200657,High_spent_Large_value_payments,672.1351623882289,293,Good
August,25,Entrepreneur,96540.69,8068.0575,4,3,9,0,9,2,6.39,7,582.53,28.032710976970947,No,0,108.69075473721695,High_spent_Medium_value_payments,948.114995262783,190,Good
February,35,Mechanic,34297.9,2801.158333333334,9,8,16,8,61,17,21.5,12,4469.48,29.215737623113146,Yes,175.80648840220312,10000,Low_spent_Small_value_payments,34.919970125758255,32,Standard
March,40,Journalist,70847.52,5637.96,8,9,20,7,43,23,26.51,12,4143.68,40.68248329691122,Yes,227.1887665221738,200.8766728538976,High_spent_Medium_value_payments,385.73056062392874,11,Poor
January,33,Developer,80182.28,6684.85666666667,4,4,9,1,7,8,1.9,0,645.51,41.433972001677326,No,36.0389546009523,178.49199132204234,High_spent_Medium_value_payments,703.9547207436723,380,Standard
April,21,NA,8477.51,648.4591666666666,8,9,27,5,39,20,8.870000000000001,12,4854.6,33.85286995873283,Yes,31.746883928590446,10.310228995372402,High_spent_Medium_value_payments,272.78880374270375,127,Poor
June,28,Writer,101203,8675.583333333332,8,4,6,4,25,13,3.08,1,598.9399999999999,34.53450731094666,NM,278.90732038137963,124.36065196302836,High_spent_Medium_value_payments,714.2903609889254,292,Standard
June,28,Journalist,33133.71,2679.1425,6,5,6,2,14,20,12.79,4,1406.81,26.14342509630519,Yes,28.14558100214788,63.82630666850778,High_spent_Large_value_payments,415.9423623293444,144,Standard
July,45,Entrepreneur,48052.7,4266.391666666668,4,5,17,1391,12,16,15.89,7,346.40999999999997,31.187452141500927,NM,59.89857017163268,100.92849134980841,High_spent_Large_value_payments,505.8121051452256,121,Standard
January,37,Doctor,16862.88,1273.24,8,8,22,7,52,19,19.07,7,1377.71,25.13607625516373,Yes,81.80403665293095,103.40190040205349,Low_spent_Large_value_payments,212.1180629450156,205,Poor
April,36,Entrepreneur,15217.1,1448.0916666666672,8,5,27,3,48,16,3.62,12,1766.6499999999999,35.811342329573485,Yes,35.042431781360015,136.83865579395518,Low_spent_Medium_value_payments,252.92807909135138,152,Poor
May,31,Media_Manager,88325.84,7622.486666666669,7,3,12,3,19,12,8.81,3,780.59,28.214727494893037,No,186.59864508860878,94.03316482636106,High_spent_Large_value_payments,721.616856751697,362,Standard
March,20,Media_Manager,14749.06,1008.0883333333336,8,10,28,5,44,15,27.54,8,2777.3100000000004,25.12072320890739,Yes,47.858801782857064,83.99562964707034,Low_spent_Medium_value_payments,248.954401903406,22,Standard
April,22,Writer,127524.81,10918.0675,0,3,9,0,8,5,7.119999999999999,2,59.58,42.49399235681691,No,0,310.2021868785274,High_spent_Small_value_payments,1041.6045631214724,288,Standard
January,53,Scientist,85875.8,7256.31666666667,1,5,4,1152,6,3,5.7700000000000005,3,651.09,32.96851515631698,NM,110.58736229894856,51.57948119522302,High_spent_Large_value_payments,803.464823172495,274,Poor
March,22,Developer,34113.61,2552.8008333333337,0,6,5,0,3,2,-3.56,4,634.8399999999999,27.345692214010384,NM,0,55.493106646043394,High_spent_Medium_value_payments,449.78697668728984,223,Standard
May,22,Writer,49598.67,3860.2225,7,5,20,6,40,23,6.56,9,3097.13,29.12757483824515,Yes,207.7121517476321,93.02143520480593,High_spent_Large_value_payments,325.28866304756195,159,Poor
February,36,Accountant,25899.18,2100.265,8,4,9,3,12,9,9.05,3,69.74000000000001,33.26415248379382,Yes,64.2024591485063,51.60329027482617,Low_spent_Large_value_payments,364.2207505766674,394,Standard
July,54,Writer,120789.43999999999,10076.786666666667,5,6,9,0,13,13,8.98,2,1015.7900000000001,35.11780532506893,Yes,0,318.96475046102677,NA,938.7139162056401,321,Standard
April,48,Accountant,37071.2,3006.2666666666655,1,6,6,4,14,3,11.56,3,869.99,39.63081460633832,No,74.69027138495908,276.8189914442772,Low_spent_Small_value_payments,239.1174038374304,223,Good
May,19,Lawyer,56803.71,4620.642500000001,7,5,25,6,46,24,16.23,11,2593.44,25.31414163091492,NM,187.190218862138,160.9121209391136,High_spent_Medium_value_payments,363.96191019874834,73,Standard
February,23,Engineer,70015.36,6129.613333333334,8,4,7,6,24,9,16.68,7,134.86,32.607956545849504,Yes,349.82914291999094,52.86617035537518,High_spent_Large_value_payments,450.26602005796724,134,Standard
May,53,Media_Manager,32504.22,2643.685,4,7,3,1,14,9,7.1,5,315.39,30.293858535850962,No,19.042218115289067,156.747729680077,Low_spent_Small_value_payments,378.5785522046338,315,Poor
June,42,Scientist,156356.52,13152.710000000001,4,7,7,2,23,2493,8.31,1,489.85,35.52206601229009,No,245.77177725989398,431.5778794412853,High_spent_Small_value_payments,897.9213432988206,354,Poor
June,38,Writer,69209.85,6047.487499999999,6,3,9,2,30,12,6.9,2,225.58,26.48054340263624,No,71252,465.5475059350328,Low_spent_Large_value_payments,322.823358976446,393,Standard
July,18,Entrepreneur,31944.72,2417.06,4,4,11,5,24,18,15.91,6,696.7900000000001,33.889985629919224,Yes,83.71397478539623,98.49772519975195,High_spent_Small_value_payments,319.49430001485194,109,Good
August,23,Accountant,20843.43,1774.9525,7,10,15,5,53,22,21.32,15,4556.91,35.46339357412974,Yes,56.35024500259465,209.1681311627752,Low_spent_Small_value_payments,201.97687383463017,171,Poor
July,33,Lawyer,31049.54,2374.461666666666,9,10,32,6,43,9,16.91,10,1924.07,34.37384782378832,Yes,145.13948814228925,121.97716496932468,Low_spent_Small_value_payments,260.32951355505276,189,Poor
June,53,Media_Manager,118446.69,9708.557499999999,3,1,8,0,3,2,9.12,6,912.75,37.585326707743775,No,0,742.0769350533836,Low_spent_Small_value_payments,518.7788149466168,187,Good
August,42,Engineer,7020.545,431.0454166666667,5,3,30,6,13,9,18.34,7,1514.1299999999999,35.43189323275555,Yes,25.564884877484555,0,High_spent_Small_value_payments,269.6282071048858,184,Poor
April,30,Scientist,18760.6,1531.3833333333328,7,8,18,5,51,19,16.3,12,4573.360000000001,32.31278978959825,Yes,71.47716469812734,103.77927550329419,Low_spent_Small_value_payments,267.8818931319119,80,Standard
April,42,NA,20460.960000000003,1655.08,10,8,31,5,58,18,27.979999999999997,11,3580.71,26.255116922046337,Yes,57.97780813601928,169.87230960072293,Low_spent_Small_value_payments,227.6578822632578,127,Standard
July,34,Manager,89424.9,7615.075,5,5,4,4,20,7,2.12,4,839.1,31.188395272966016,No,153.2255283159793,538.9714237214882,Low_spent_Small_value_payments,359.31054796253244,310,Poor
July,27,Journalist,44657.68,3725.4733333333343,4,3,2,3,14,5,9.209999999999999,0,1325.96,33.13629379037936,No,88.80144045341194,103.92732813475193,NA,429.81856474516934,226,Good
February,23,Writer,19234.69,1492.8908333333327,5,5,6,2,20,15,9.83,4,844.75,30.97402307393598,Yes,20.511115226546625,82.13527110270954,Low_spent_Small_value_payments,336.64269700407726,275,Standard
January,55,NA,9732620,7644.215,5,3,5,0,3,14,11.08,1,533.66,24.226836823058363,No,0,625.5037431002395,Low_spent_Small_value_payments,428.9177568997607,353,Good
April,38,Mechanic,12066790,3344.4166666666656,3,6,7,0,10,15,2.04,4,551.8499999999999,28.390105487182474,NM,0,132.50052598655628,NA,451.9411406801104,320,Standard
April,36,Teacher,139702.24000000002,11866.85333333333,4,1,7,0,3,7,4.960000000000001,3,342.6,34.093548919664904,No,0,599.0319176732834,Low_spent_Medium_value_payments,867.65341566005,382,Standard
February,32,Manager,18380.149999999998,1396.6791666666668,5,5,11,4,8,14,14.2,4,1456.12,33.003752494926225,Yes,46.08682420582447,125.99993540722332,Low_spent_Small_value_payments,257.5811570536188,197,Standard
April,30,NA,75354.48,6563.54,8,10,31,9,58,23,9.01,7,2697.9,30.03295863127888,Yes,349.84494208022574,165.6951146129092,High_spent_Large_value_payments,380.8139433068652,116,Poor
March,31,Musician,35600.2,3130.683333333334,0,3,9,3,0,12,6.63,4,577.57,34.243948125156265,No,50.64859982836414,74.16157614915758,High_spent_Medium_value_payments,438.2581573558116,385,Standard
April,25,Teacher,9620.964999999998,782.7470833333333,10,7,24,2,59,16,3.7,7,1355.28,34.81513388596612,Yes,9.675865767444485,81.77479716809584,Low_spent_Small_value_payments,276.82404539779304,142,Poor
July,29,Entrepreneur,122725.48,10059.123333333333,0,5,1,1,12,4,5.930000000000001,0,1080.92,33.45232979741829,No,79.27435075074544,447.13833323483306,Low_spent_Large_value_payments,749.4996493477548,400,Good
February,36,NA,61181.880000000005,5192.49,7,6,18,9,30,25,3.53,8,2245.8,26.85672240956433,Yes,241.57045741879924,128.16250880919802,NA,399.51603377200274,177,Poor
August,18,Journalist,58164.119999999995,5046.01,6,7,5,0,12,18,8.2,5,1075.84,34.65518189399981,No,0,350.53058050295243,Low_spent_Small_value_payments,444.0704194970476,404,Standard
August,23,Musician,42577.86,3782.155,6,8,20,9,49,23,26.86,14,4122.31,26.438374539070292,Yes,171.57633827706476,490.3976521055493,Low_spent_Small_value_payments,6.2415096173859865,70,Standard
February,33,Accountant,46817.5,4142.458333333333,8,3,10,4,17,14,11.450000000000001,1,613.71,32.206148596458974,No,106.17890861200247,10000,High_spent_Medium_value_payments,470.36674611450115,203,Standard
May,20,Writer,56192.32,4676.693333333334,10,6,21,8,45,3944,9.07,7,3777.1,37.964235611117495,Yes,282.19039922534313,189.1490467706842,High_spent_Medium_value_payments,246.32988733730613,135,Standard
February,44,Manager,33401.1,2701.425,1,7,1,2,-2,9,11.39,3,857.99,33.380445549977324,No,54.21282396276767,52.48890894935982,High_spent_Large_value_payments,403.4407670878725,221,Standard
February,38,Teacher,26029.41,1950.1175,1393,7,12,2,12,18,10.88,0,412.13,30.436216075068604,No,33.7011516162198,127.10017264505969,Low_spent_Small_value_payments,324.2104257387205,297,Standard
January,45,Lawyer,30207.149999999998,2272.2625000000007,3,3,13,4,33,17,8.66,6,1423.8799999999999,27.364619629488917,Yes,61.07748786820604,216.08503599382058,Low_spent_Small_value_payments,240.06372613797348,224,Standard
June,39,Mechanic,33002.229999999996,2485.1858333333334,5,2,1,2,5,1,10.709999999999999,3,1369.6299999999999,34.05334568071188,NM,42.196441727922604,139.36129499308888,High_spent_Small_value_payments,326.960846612322,187,Good
March,37,Engineer,8393.5,517.4583333333335,9,7,29,5,17,20,8.92,10,1685.82,23.063277872444534,Yes,28.706397398975355,60.41764206625122,Low_spent_Small_value_payments,252.62179386810678,233,Poor
July,29,Doctor,120091.92,10239.66,0,2,5,1,15,11,4.55,1310,1132.46,29.613994708459895,No,84.40523006789746,611.2746067087612,Low_spent_Large_value_payments,598.2861632233415,286,Standard
July,37,Musician,18180.43,1725.0358333333334,9,9,17,9,63,20,8.6,14,2329.29,35.01830988208158,Yes,116.08159431872197,10000,Low_spent_Medium_value_payments,237.4691588369511,173,Standard
April,20,Entrepreneur,29892.37,2664.0308333333337,7,3,13,2,7,8,7.1099999999999985,4,695.39,38.23302860678579,Yes,29.959827272374817,10000,Low_spent_Small_value_payments,304.5211764388496,377,Standard
June,29,Media_Manager,85677.29999999999,7139.774999999999,1,5,8,1,9,4,8.66,2,415.77,35.747153801416445,No,49.672081441438344,451.8443105562622,Low_spent_Medium_value_payments,492.4611080022992,355,Standard
August,50,Developer,38095.880000000005,2793.9252867211208,1,3,7,0,9,5,7.91,4,562.3399999999999,39.52385150419243,No,434.73137994554565,163.07549918572712,High_spent_Small_value_payments,419.79016748093943,278,Good
June,27,Developer,60253.11,4817.092500000001,8,6,11,5,23,11,13.729999999999999,4,1901.82,27.349209836418687,Yes,195.74133917864125,93.6525023427872,High_spent_Medium_value_payments,442.31540847857144,176,Standard
May,46,Journalist,83627.12000000001,6843.926666666668,6,7,9,3,5,20,8.34,9,2312.09,35.41877395128002,Yes,189.56363240412895,175.91305014639076,High_spent_Medium_value_payments,568.9159841161469,104,Standard
April,46,Manager,147334.31999999998,12223.859999999999,5,1,7,0,0,9,8.96,4,1133.25,31.53413861834063,No,0,767.775466407964,Low_spent_Small_value_payments,744.6105335920364,299,Standard
April,33,Scientist,19223.95,1761.9958333333334,10,8,23,4,54,24,14.1,15,1526.8,40.99447463902644,Yes,47.63077263914617,39.52179203756921,High_spent_Medium_value_payments,339.047018656618,217,Poor
August,46,Accountant,17938268,1319.825833333333,7,4,10,7,18,19,7.07,6,119.94000000000001,27.58786452929806,Yes,64.32450334133748,130.6090842219928,Low_spent_Medium_value_payments,217.04899577000302,122,Standard
June,48,NA,22723.19,1679.5991666666666,5,7,6,4,25,16,13.47,6,379.72999999999996,38.88958478984056,No,51.94701370500269,70.36982908536183,High_spent_Medium_value_payments,295.64307387630225,298,Standard
August,35,Media_Manager,13571430,8170.530000000002,5,4,11,2,7,10,14.870000000000001,3,559.3499999999999,42.62334012452647,No,150.30728042472842,166.88329668522204,High_spent_Large_value_payments,739.8624228900493,304,Poor
March,35,Writer,19703.09,1563.9241666666671,9,9,22,7,32,16,16.51,11,2677.04,38.796728781933055,Yes,89.23930823277354,192.15920788202666,Low_spent_Small_value_payments,164.9939005518665,66,Standard
July,54,Writer,10311.095,963.2579166666667,8,5,17,0,30,11,12.02,8,1024.56,35.17367772479441,Yes,0,78.55023196791322,Low_spent_Medium_value_payments,297.77555969875345,260,Poor
July,47,Developer,82065.16,6771.7633333333315,5,716,3,3,12,10,5.55,6,106.83,29.41235612707965,No,180.34060665960084,141.0115001130813,High_spent_Large_value_payments,595.8242265606514,281,Good
May,26,Teacher,15549.06,1589.755,6,6,17,2,43,15,18.2,7,2063.9100000000003,24.985692253953665,Yes,20.16589014698609,122.49849824385079,Low_spent_Medium_value_payments,296.3111116091631,206,Poor
June,49,Doctor,140606.8,11876.233333333332,6,6,7,1,7,13,1.3899999999999995,0,489.28999999999996,37.25004990213793,No,90.91752953076961,487.8694335354814,Low_spent_Medium_value_payments,888.8363702670824,202,Standard
February,32,Scientist,71203.4,6132.616666666669,7,6,20,5,20,17,12.26,7,1254.91,40.50169531739529,Yes,235.5154686475478,10000,Low_spent_Large_value_payments,283.1460077172724,179,Poor
June,45,Accountant,15915.730000000001,1461.310833333333,5,7,24,4,1,12,12.05,9,1554.95,28.189359510960127,Yes,50.660263538570504,34.08274281908213,NA,311.3880769756806,140,Poor
April,39,Engineer,10395.46,1160.2883333333332,6,8,23,9,52,26,8.39,9,1781.57,38.896210102816,Yes,68.93438310792591,86.08212728512842,Low_spent_Small_value_payments,251.01232294027903,173,Poor
June,24,Entrepreneur,129233.52,11011.46,6,4,8,1,13,9,16.919999999999998,0,1051.42,27.397433210333173,No,75.60222093053285,428.26638313481925,High_spent_Medium_value_payments,847.2773959346484,320,Poor
March,35,Engineer,144388.36,11754.363333333331,3,2,11,0,13,9,7.470000000000001,8,704.41,35.483243212295704,No,0,358.1774892514226,High_spent_Medium_value_payments,1067.2588440819106,291,Good
April,29,Mechanic,75488.16,6504.68,7,7,20,2,11,23,18.979999999999997,12,1888.98,26.315431202141745,Yes,85.45857270818001,213.22504083429897,Low_spent_Large_value_payments,621.7843864575214,82,Standard
August,41,Developer,30352.109999999997,2317.3425,-1,4,7,1,8,4,7.1099999999999985,0,644.57,32.937399459580284,No,16.483566223216688,89.62296249058656,High_spent_Medium_value_payments,375.62772128619685,288,Standard
July,46,Doctor,78676.32,6710.360000000002,2,1,4,1,7,1,9.8,7,1080.98,30.675411366859244,No,48.577978056137155,479.77245895245045,Low_spent_Large_value_payments,412.6855629914125,232,Good
March,31,Scientist,57150.74,4863.561666666669,4,4,18,1,13,22,15.69,7,438.69,26.921506523880236,NM,24.21929847160414,47.34388795697649,High_spent_Large_value_payments,654.7929802380863,76,Standard
June,28,Engineer,17723.52,1329.96,9,9,22,8,22,12,29.479999999999997,12,2640.84,34.01811439062476,Yes,110.43859184416911,119.83671406159851,Low_spent_Large_value_payments,172.72069409423233,162,Poor
March,28,Teacher,20377.7,1659.1416666666669,6,5,15,2,21,17,10.139999999999999,6,1490.6499999999999,25.498827232931383,Yes,29.921580944922766,115.47133844285928,Low_spent_Medium_value_payments,300.5212472788846,130,Poor
July,30,Scientist,21551.57,1774.9641666666666,4,7,6,3,28,15,5.07,0,991.04,33.54073599211431,NM,49.272809253235636,71.2168276870428,Low_spent_Large_value_payments,327.0067797263883,191,Poor
August,20,Doctor,32971.850000000006,2729.3528167060895,3,6,9,2,6,16,6.55,4,1307.01,35.35739293997193,NM,329.83687958362617,212.32647578581938,Low_spent_Small_value_payments,331.30341125779916,272,Good
July,33,Engineer,80968.04,6894.336666666668,999,7,28,6,30,24,2.71,15,4461.39,40.19943177593818,Yes,356.97954300658756,128.79935391364876,High_spent_Large_value_payments,443.65476974643036,164,Poor
March,20,Media_Manager,18949.07,1562.0891666666666,10,9,29,5,52,17,16.57,8,4454.76,33.20903625072988,Yes,55.677829901515906,94.84262887765428,Low_spent_Medium_value_payments,285.68845788749644,103,Poor
August,41,Architect,41600.340000000004,3507.695,7,3,17,6,27,10,11.32,11,2600.88,23.741588610114427,Yes,137.64230965321968,169.00004794009976,Low_spent_Medium_value_payments,324.1271424066806,244,Poor
May,41,Engineer,53354.85000000001,4633.237499999999,8,10,24,4,20,17,17.22,11,1966.12,25.249995313935038,Yes,162.25186894098692,203.12399937616408,High_spent_Small_value_payments,357.9478816828491,189,Poor
February,25,Architect,93561.72,7547.81,4,4,792,4,29,16,11.78,7,469.42999999999995,37.12250054456014,Yes,215.35369898560094,153.99400228667994,High_spent_Large_value_payments,625.4332987277193,377,Standard
April,33,Architect,44058.44,3541.5366666666664,1,4,12,3,13,2,7.159999999999999,513,837.88,35.022704068742875,No,84.4698201940158,146.27270774265304,High_spent_Small_value_payments,383.41113872999773,397,Good
August,38,Architect,17756.420000000002,1630.7016666666668,7,3,32,5,30,11,16.34,8,2688.58,34.1330760083478,Yes,71.8265579057672,190.89827941152535,Low_spent_Small_value_payments,190.3453293493742,191,Poor
February,39,Manager,15333374,3301.0333333333347,8,4,7,0,18,13,5.2700000000000005,4,1389.6499999999999,28.512025480620718,Yes,19887,93.950672573113,NA,486.1526607602204,219,Standard
April,35,Developer,28647.75,2161.3125000000005,5,6,5,5,8,12,17.36,7,82.6,30.112702323431854,Yes,113.19231542947644,188.9497994712268,Low_spent_Small_value_payments,203.98913509929676,73,Standard
February,26,Developer,9283.17,807.5975,9,8,28,8,42,21,0.9500000000000001,12,1603.6699999999998,37.078577496512345,Yes,59.79786481744121,24.164734109276143,High_spent_Small_value_payments,256.7971510732826,216,Poor
June,49,Accountant,61614.9,5364.575,4,3,10,1,11,5,8.17,8,157.70999999999998,37.8240183845933,No,44.42796300188767,532.8233933381124,Low_spent_Small_value_payments,249.20614366000004,326,Good
April,27,Mechanic,52243.56,4432.63,4,7,27,5,12,15,8.06,7,2584.55,30.268223315128758,Yes,126.44266622107698,373.6336793491819,Low_spent_Medium_value_payments,223.1866544297411,152,Poor
April,28,Engineer,78056.04,6384.67,7,5,17,1,18,14,17.6,10,248.70999999999998,34.91153441368054,Yes,44.08837406681275,98.032715497351,High_spent_Large_value_payments,736.3459104358361,224,Standard
July,43,Accountant,80754.16,6692.5133333333315,5,9,20,7,15,9,8.19,11,2587.15,25.78332147803014,NM,392.17020307117167,136.9931021538371,High_spent_Medium_value_payments,390.08802810832464,185,Standard
May,40,Manager,7919.535,875.9612499999998,3,10,23,6,25,15,17.49,6,2498.07,33.41314963508055,Yes,30.35606744259658,108.07104152906071,Low_spent_Small_value_payments,239.16901602834267,192,Poor
June,45,Architect,9133.964999999998,494.16375000000005,6,10,21,6,12,6,8.129999999999999,9,2552.06,25.108336699331204,Yes,41.73976290345781,54.126525453706094,Low_spent_Small_value_payments,243.5500866428361,151,Poor
February,31,Engineer,28562.06,2610.171666666666,9,5,32,9,50,16,21.99,13,3623.9700000000003,26.126653098585006,Yes,200.7056498175895,61.823206597172494,High_spent_Medium_value_payments,248.4883102519048,116,Standard
April,54,Musician,94639.11,7705.592500000001,3,4,16,3,12,19,3.2800000000000002,0,680.76,37.63408373870409,No,20443,100.99637887225154,High_spent_Large_value_payments,714.9617585367988,336,Standard
June,51,Entrepreneur,109600.95,9336.4125,4,7,1,3,14,4,3.9299999999999997,3,141.08,33.5620048630584,No,252.46480995927055,828.2041709883882,Low_spent_Large_value_payments,122.97226905234152,226,Good
August,25,Accountant,117499.47,9780.622500000001,4,5,8,0,10,8,8.32,4,337.9,30.618122573063967,No,0,334.39797709983424,Low_spent_Medium_value_payments,923.6642729001658,368,Poor
January,24,Journalist,96815.90999999999,8057.9925,2,5,1,0,7,6,10.4,1,1257.6399999999999,33.838664756507754,No,0,65.51302104395509,High_spent_Large_value_payments,980.2862289560452,361,Standard
July,43,Journalist,8875.135,989.5945833333335,8,9,27,2,26,13,18.459999999999997,15,1353.77,27.489991324274925,Yes,9.05856200584676,55.431599112030625,Low_spent_Medium_value_payments,314.46929721545604,211,Poor
March,41,Media_Manager,12705.77,1159.8141666666668,6,6,17,2,27,11,6.89,0,314.58,30.601739086542707,Yes,14.58771652898568,60.74565631901436,Low_spent_Large_value_payments,310.64804381866674,265,Standard
May,25,Musician,61664,4930.66666666667,6,3,16,4,18,14,19.34,11,218.72,34.940434202567516,Yes,204.84533030926718,10000,Low_spent_Medium_value_payments,167.5849087296549,350,Standard
February,46,Doctor,70112.78,5989.731666666669,1,7,3,2,5,3,1.75,2,877.06,27.43320195402116,No,69.71794787486095,469.3210995715772,Low_spent_Medium_value_payments,339.9341192202284,299,Standard
April,28,NA,71498.38,6100.198333333334,4,6,8,0,15,7,7.29,0,972.14,28.28156260577596,NM,0,139.29059574837416,High_spent_Small_value_payments,730.7292375849593,298,Poor
July,28,Doctor,45139.08,3535.59,7,9,19,6,12,21,9.16,16,1419.6599999999999,34.80537675084705,NM,153.446081743519,96.34187262113569,NA,353.7710456353454,173,Poor
April,31,Manager,106309.8,8410.875662626253,5,3,8,3,9,15,5.81,4,241.08,33.85155490929378,No,55494,619.6699439506281,Low_spent_Medium_value_payments,355.217654272867,200,Good
January,32,Manager,18976.460000000003,1481.3716666666671,8,7,22,7,59,15,32.54,8,4538.03,24.602389092449922,NM,60.38266673369744,135.17011371487098,Low_spent_Medium_value_payments,232.58438621809822,16,Standard
February,53,Journalist,93163.52,7828.626666666671,4,4,9,3,9,11,-0.4900000000000002,1,13.57,31.501332539851074,No,149.07276540039751,450.24889807841237,Low_spent_Small_value_payments,473.54100318785686,311,Standard
February,33,Architect,15784.29,1147.3575,5,5,9,7,7,12,11.83,7,485.24,40.69375647017811,Yes,91.89197618391913,65.35834322043036,Low_spent_Small_value_payments,247.48543059565054,207,Standard
July,18,Developer,80206.64,6766.886666666668,5,4,20,5,11,19,7,6,1129.87,25.21485981955189,NM,260.41897988740214,74.70056450745784,High_spent_Medium_value_payments,591.5691222718067,103,Standard
February,27,Accountant,36913.880000000005,2859.156666666666,6,5,16,7,48,18,28.27,7,4610.78,32.359572620503066,NM,214.30926648619086,90.54585479729836,High_spent_Medium_value_payments,231.06054538317738,42,Poor
February,28,Journalist,8514.715,525.5595833333333,10,7,22,6,21,13,23.04,8,4403.860000000001,40.574141553557716,Yes,21.48330723081388,27.788468239091443,High_spent_Small_value_payments,263.28418286342804,106,Standard
April,33,Engineer,72690.43999999999,5995.53666666667,8,5,34,9,22,26,2.4899999999999998,7,2686.24,30.90435093407214,Yes,377.8057201255737,70.41955093335785,High_spent_Large_value_payments,391.3283956077353,242,Standard
April,23,Media_Manager,58558.3,5098.858333333334,3,2,10,0,8,0,8.8,3,272.17,42.72581598193261,No,0,109.46246986700683,NA,640.4233634663267,203,Standard
January,37,Manager,78164.36,6553.69666666667,0,4,4,4,10,2,9.350000000000001,3,426.54,26.75960347255069,No,162.4884483470477,192.75975001116575,High_spent_Medium_value_payments,550.1214683084531,308,Good
June,37,Teacher,107595.68000000001,8704.306666666664,8,4,13,4,6,20,10.1,8,225.86,30.017360946563173,Yes,346.1431210174387,396.39786208502267,Low_spent_Medium_value_payments,407.88968356420554,132,Standard
April,55,Accountant,39161.2,3088.4333333333343,2,4,5,2,11,4,0.56,5,1344.45,33.247124250381546,No,42.11282356163924,135.08511616519544,Low_spent_Medium_value_payments,411.6453936064987,252,Poor
August,29,Doctor,58539.840000000004,4794.320000000001,6,7,32,8,21,21,19.56,10,2735.13,39.494022974835616,Yes,79792,176.94700637271043,Low_spent_Small_value_payments,355.9226657892733,74,Standard
March,41,Lawyer,9299.105,1068.9254166666665,6,7,34,7,51,13,19.150000000000002,11,1531.05,32.70826098011833,Yes,41.631146730347254,82.8741906814644,Low_spent_Medium_value_payments,262.387204254855,113,Poor
June,32,NA,14828.19,1413.634591183259,5,5,17,5,31,17,19.21,8,2646.2599999999998,33.455175543122685,Yes,86.73101694608782,93.6453682675387,Low_spent_Small_value_payments,282.93977360311453,163,Poor
January,37,Mechanic,29310.85,2522.5708333333337,8,4,20,4,9,19,9.3,4,1184.49,28.317829803423557,No,93.77119066817185,18.191090669218795,High_spent_Large_value_payments,380.2948019959427,379,Standard
March,33,Developer,108638.76,9276.230000000001,6,3,20,2,10,11,17.66,5,1365.32,27.482120398308474,Yes,131.06508665847534,793.4612276703533,Low_spent_Medium_value_payments,283.09668567117126,76,Standard
January,43,Mechanic,10077.135,626.7612499999999,7,7,27,3,36,19,13.61,6,2642.8,22.390428392420947,Yes,17.585409223354684,83.78916347345847,Low_spent_Small_value_payments,251.3015523031868,110,Poor
May,51,Lawyer,23012.43,1781.7025,7,6,10,1,17,17,0.81,2,351.40999999999997,39.2131537114701,No,13.815226811595666,72.21449151936892,High_spent_Medium_value_payments,342.1405316690355,185,Standard
March,51,Musician,44595.18,3632.265,3,3,10,1,14,6,8.219999999999999,0,795.49,31.65543581331849,No,24.356888978924307,91.72481053128281,High_spent_Medium_value_payments,497.144800489793,247,Poor
March,46,Musician,36016.78,2758.398333333334,1,4,3,1,15,4,11.850000000000001,0,202.67,28.187304510545125,No,18.478105432186503,347.86429729763984,Low_spent_Small_value_payments,199.49743060350704,351,Standard
April,46,Writer,140276.8,11738.733333333332,5,3,5,4,10,18,8.219999999999999,2,817.22,42.347909449869995,Yes,383.2384505478121,213.28964135826755,High_spent_Medium_value_payments,827.3452414272533,397,Standard
August,33,Media_Manager,114004.84,9295.403333333332,5,7,8,3,26,9,11.38,7,1051.3,36.485387736698776,Yes,228.87152028402764,307.35350615182426,NA,643.3153068974814,221,Good
February,31,Scientist,20611.960000000003,1444.6633333333327,7,3,23,3,20,9,4.23,9,1948.98,29.246764155160466,Yes,50.21472816751225,115.96523470609449,Low_spent_Small_value_payments,268.2863704597264,136,Poor
March,38,Mechanic,82816.48,6754.373333333331,8,10,16,6,21,21,23.45,15,4279,30.22588208360948,Yes,215.80750788577757,106.40872070109405,High_spent_Large_value_payments,593.2211047464617,94,Standard
April,39,Teacher,30178.34,2557.8616666666667,0,4,5,0,6,1,3.3299999999999996,6,283.84000000000003,28.08712858562283,No,0,53.304244450093684,High_spent_Large_value_payments,442.48192221657285,383,Standard
February,42,Scientist,87538.23999999999,7139.8533333333335,2,4,3,0,11,6,4.6,2,41.82,30.53335510021081,No,0,176.2398037193984,High_spent_Large_value_payments,777.7455296139349,297,Good
June,27,Accountant,11465.92,744.4933333333333,7,5,11,0,24,8,7.35,7,1422.93,34.62326337131214,Yes,0,10000,Low_spent_Small_value_payments,321.52362289141695,178,Poor
June,28,Mechanic,107633.88,9121.49,7,6,18,1,5,20,18.110000000000003,5,15.58,42.023581800299475,Yes,46342,360.9038806198523,High_spent_Small_value_payments,764.7765517092,315,Poor
February,19,Musician,7985.155000000001,870.4295833333333,6,10,31,7,50,16,5.2,12,1954.62,30.999744443016088,Yes,46.17718896024738,0,High_spent_Large_value_payments,273.1505213490058,153,Poor
February,50,Mechanic,75520.47,6410.3725,4,7,13,4,13,12,7.3,4,1447.1799999999998,38.40060038747125,NM,167.79146853849102,366.3825057926202,Low_spent_Medium_value_payments,386.8632756688888,264,Standard
March,26,Architect,121466.8,10148.233333333334,0,7,8,2,2,9,-3.9,0,475.07,28.258597930446516,No,178.19587372014962,887.8910886435489,Low_spent_Large_value_payments,218.7363709696348,365,Good
August,39,Developer,48755.5,3801.958333333335,5,6,1,2,24,13,8.46,3,918.88,32.867234504277846,No,76.71479236853965,10000,High_spent_Medium_value_payments,449.912957122468,256,Standard
March,18,Media_Manager,19183.53,1620.6274999999996,4,6,27,7,29,8,9.12,9,2621.4700000000003,33.301993841382966,Yes,69.41294008732692,42.1434119774506,High_spent_Medium_value_payments,300.5063979352225,125,Poor
March,45,Architect,36403.98,3012.6650000000004,6,5,17,6,24,10,16.89,7,524.7900000000001,25.890208097028456,Yes,133.18549544686257,383.4164746191591,Low_spent_Small_value_payments,74.66452993397844,186,Standard
August,33,Entrepreneur,87605.68000000001,7299.473333333331,5,7,19,3,29,16,3.65,6,512.74,40.37466587987945,Yes,112.14880092302204,131.18726639955605,High_spent_Small_value_payments,746.6112660107552,360,Standard
August,24,Mechanic,78094.28,6755.85666666667,10,7,15,5,62,19,6.92,12,1695.41,38.27982816298994,Yes,270.6398052689708,68.31523136363973,High_spent_Large_value_payments,576.6306300340561,236,Standard
July,49,Doctor,14366.56,1085.3622967330414,1,2,3,1,8,6,4.48,5,411.97999999999996,29.10147959827978,No,133.5888438491297,56.491615823390475,Low_spent_Large_value_payments,326.8919102611048,305,Standard
March,25,Manager,94511.76,8168.98,4,5,18,5,4,12,15.38,5,31.77,39.40462088354795,Yes,337.5737942495585,10000,Low_spent_Medium_value_payments,239.91531988723932,114,Standard
June,34,Entrepreneur,94559.73,7712.977499999999,3,6,11,4,12,7,3.8299999999999996,3,52.5,31.067443365456533,NM,183.73568082695073,479.68555637550367,Low_spent_Large_value_payments,377.8765127975456,339,Good
June,39,NA,17212.35,1271.3625,8,9,26,2,61,17,13.44,15,2427.44,28.30986508338908,Yes,15.953524166759104,10000,Low_spent_Small_value_payments,289.04333424642755,141,Poor
June,44,Doctor,30231.09,2610.2575,3,6,3,3,5,1,3.09,2,1263.11,39.92633106937959,No,55.943907000084316,116.07220338382257,High_spent_Small_value_payments,349.0096396160931,402,Standard
August,32,Engineer,58873.05,4896.0875,4,4,16,7,24,9,18.07,10,1039.2,30.644920229622933,Yes,203.8548686690558,52.488251466998754,High_spent_Large_value_payments,473.26562986394555,166,Standard
April,46,Doctor,34209.8,2747.8166666666666,3,1,7,0,12,5,14.51,2,1039.74,29.31120987099336,No,0,194.54527874724133,Low_spent_Large_value_payments,350.2363879194252,310,Good
